Timestamp,UTC,Callsign,Position,Altitude,Speed,Direction
1673148538,2023-01-08T03:28:58Z,SIA23,"40.644176,-73.78006",0,0,230
1673148577,2023-01-08T03:29:37Z,SIA23,"40.644379,-73.779877",0,4,247
1673148588,2023-01-08T03:29:48Z,SIA23,"40.644489,-73.779671",0,4,264
1673148596,2023-01-08T03:29:56Z,SIA23,"40.644539,-73.779465",0,4,270
1673148605,2023-01-08T03:30:05Z,SIA23,"40.644562,-73.779205",0,5,275
1673148612,2023-01-08T03:30:12Z,SIA23,"40.644562,-73.778969",0,5,281
1673148619,2023-01-08T03:30:19Z,SIA23,"40.644539,-73.778748",0,5,284
1673148626,2023-01-08T03:30:26Z,SIA23,"40.644516,-73.778534",0,5,289
1673148633,2023-01-08T03:30:33Z,SIA23,"40.644478,-73.778313",0,5,298
1673148644,2023-01-08T03:30:44Z,SIA23,"40.644363,-73.778",0,6,303
1673148652,2023-01-08T03:30:52Z,SIA23,"40.644257,-73.777763",0,5,306
1673148660,2023-01-08T03:31:00Z,SIA23,"40.64415,-73.777557",0,6,309
1673148666,2023-01-08T03:31:06Z,SIA23,"40.644051,-73.777344",0,6,315
1673148674,2023-01-08T03:31:14Z,SIA23,"40.643921,-73.777107",0,6,323
1673148683,2023-01-08T03:31:23Z,SIA23,"40.643726,-73.776901",0,7,331
1673148690,2023-01-08T03:31:30Z,SIA23,"40.64352,-73.776764",0,7,331
1673148698,2023-01-08T03:31:38Z,SIA23,"40.643314,-73.776627",0,6,331
1673148706,2023-01-08T03:31:46Z,SIA23,"40.643108,-73.776474",0,6,331
1673148713,2023-01-08T03:31:53Z,SIA23,"40.642902,-73.776337",0,6,329
1673148721,2023-01-08T03:32:01Z,SIA23,"40.642696,-73.776184",0,6,331
1673148730,2023-01-08T03:32:10Z,SIA23,"40.64249,-73.776031",0,6,331
1673148738,2023-01-08T03:32:18Z,SIA23,"40.642281,-73.775894",0,7,329
1673148745,2023-01-08T03:32:25Z,SIA23,"40.642078,-73.775742",0,6,329
1673148754,2023-01-08T03:32:34Z,SIA23,"40.641861,-73.775574",0,6,329
1673148763,2023-01-08T03:32:43Z,SIA23,"40.641651,-73.775391",0,6,334
1673148772,2023-01-08T03:32:52Z,SIA23,"40.641449,-73.775192",0,6,345
1673148780,2023-01-08T03:33:00Z,SIA23,"40.641243,-73.77507",0,6,2
1673148790,2023-01-08T03:33:10Z,SIA23,"40.641026,-73.774979",0,5,25
1673148800,2023-01-08T03:33:20Z,SIA23,"40.6408,-73.775101",0,5,33
1673149500,2023-01-08T03:45:00Z,SIA23,"40.641003,-73.774887",0,5,39
1673149508,2023-01-08T03:45:08Z,SIA23,"40.640976,-73.774643",0,5,67
1673149520,2023-01-08T03:45:20Z,SIA23,"40.640862,-73.774429",0,3,98
1673149534,2023-01-08T03:45:34Z,SIA23,"40.640709,-73.774223",0,4,118
1673149545,2023-01-08T03:45:45Z,SIA23,"40.640499,-73.774063",0,5,137
1673149555,2023-01-08T03:45:55Z,SIA23,"40.640282,-73.774109",0,5,168
1673149568,2023-01-08T03:46:08Z,SIA23,"40.640079,-73.774315",0,5,199
1673149578,2023-01-08T03:46:18Z,SIA23,"40.639881,-73.774521",0,6,210
1673149586,2023-01-08T03:46:26Z,SIA23,"40.639648,-73.774704",0,8,210
1673149592,2023-01-08T03:46:32Z,SIA23,"40.639446,-73.774857",0,9,210
1673149598,2023-01-08T03:46:38Z,SIA23,"40.639229,-73.77504",0,10,210
1673149604,2023-01-08T03:46:44Z,SIA23,"40.638966,-73.775238",0,11,210
1673149610,2023-01-08T03:46:50Z,SIA23,"40.63868,-73.775467",0,12,210
1673149616,2023-01-08T03:46:56Z,SIA23,"40.638428,-73.77565",0,12,210
1673149622,2023-01-08T03:47:02Z,SIA23,"40.638115,-73.775909",0,12,210
1673149628,2023-01-08T03:47:08Z,SIA23,"40.637844,-73.776123",0,11,210
1673149633,2023-01-08T03:47:13Z,SIA23,"40.637615,-73.776291",0,11,210
1673149639,2023-01-08T03:47:19Z,SIA23,"40.637367,-73.776489",0,12,210
1673149645,2023-01-08T03:47:25Z,SIA23,"40.637054,-73.776733",0,12,210
1673149651,2023-01-08T03:47:31Z,SIA23,"40.636787,-73.776939",0,12,210
1673149657,2023-01-08T03:47:37Z,SIA23,"40.636497,-73.777176",0,12,210
1673149664,2023-01-08T03:47:44Z,SIA23,"40.636181,-73.77742",0,13,210
1673149670,2023-01-08T03:47:50Z,SIA23,"40.635864,-73.777664",0,13,210
1673149676,2023-01-08T03:47:56Z,SIA23,"40.635544,-73.777924",0,13,210
1673149683,2023-01-08T03:48:03Z,SIA23,"40.63517,-73.778206",0,14,210
1673149689,2023-01-08T03:48:09Z,SIA23,"40.634842,-73.778465",0,14,210
1673149696,2023-01-08T03:48:16Z,SIA23,"40.63446,-73.778778",0,13,213
1673149704,2023-01-08T03:48:24Z,SIA23,"40.634029,-73.779137",0,12,213
1673149712,2023-01-08T03:48:32Z,SIA23,"40.633736,-73.779312",0,8,202
1673149720,2023-01-08T03:48:40Z,SIA23,"40.633518,-73.779076",0,8,160
1673149725,2023-01-08T03:48:45Z,SIA23,"40.633438,-73.778854",0,7,137
1673149731,2023-01-08T03:48:51Z,SIA23,"40.633354,-73.778625",0,6,126
1673149737,2023-01-08T03:48:57Z,SIA23,"40.633255,-73.778412",0,7,123
1673149743,2023-01-08T03:49:03Z,SIA23,"40.633152,-73.778168",0,9,120
1673149747,2023-01-08T03:49:07Z,SIA23,"40.633053,-73.777939",0,10,120
1673149756,2023-01-08T03:49:16Z,SIA23,"40.632832,-73.777466",0,11,120
1673149763,2023-01-08T03:49:23Z,SIA23,"40.632668,-73.777107",0,11,120
1673149769,2023-01-08T03:49:29Z,SIA23,"40.632504,-73.776749",0,12,120
1673149775,2023-01-08T03:49:35Z,SIA23,"40.632317,-73.776344",0,14,120
1673149781,2023-01-08T03:49:41Z,SIA23,"40.632111,-73.775894",0,14,120
1673149787,2023-01-08T03:49:47Z,SIA23,"40.631935,-73.775505",0,11,120
1673149793,2023-01-08T03:49:53Z,SIA23,"40.631794,-73.775192",0,8,120
1673149799,2023-01-08T03:49:59Z,SIA23,"40.631691,-73.774956",0,6,120
1673149806,2023-01-08T03:50:06Z,SIA23,"40.631584,-73.774734",0,7,120
1673149812,2023-01-08T03:50:12Z,SIA23,"40.631481,-73.774506",0,7,120
1673149818,2023-01-08T03:50:18Z,SIA23,"40.631374,-73.774269",0,8,120
1673149824,2023-01-08T03:50:24Z,SIA23,"40.631264,-73.774033",0,8,120
1673149829,2023-01-08T03:50:29Z,SIA23,"40.631149,-73.773773",0,9,120
1673149835,2023-01-08T03:50:35Z,SIA23,"40.631027,-73.773506",0,9,120
1673149841,2023-01-08T03:50:41Z,SIA23,"40.630898,-73.773209",0,9,120
1673149848,2023-01-08T03:50:48Z,SIA23,"40.630772,-73.772926",0,8,120
1673149854,2023-01-08T03:50:54Z,SIA23,"40.630669,-73.772705",0,6,120
1673149861,2023-01-08T03:51:01Z,SIA23,"40.630554,-73.772461",0,7,120
1673149867,2023-01-08T03:51:07Z,SIA23,"40.630451,-73.772232",0,8,120
1673149873,2023-01-08T03:51:13Z,SIA23,"40.630337,-73.771988",0,8,120
1673149879,2023-01-08T03:51:19Z,SIA23,"40.630222,-73.771729",0,9,120
1673149884,2023-01-08T03:51:24Z,SIA23,"40.630096,-73.771446",0,9,120
1673149891,2023-01-08T03:51:31Z,SIA23,"40.629955,-73.771149",0,8,120
1673149897,2023-01-08T03:51:37Z,SIA23,"40.629856,-73.77092",0,7,120
1673149905,2023-01-08T03:51:45Z,SIA23,"40.629627,-73.770782",0,7,143
1673149911,2023-01-08T03:51:51Z,SIA23,"40.629421,-73.770859",0,8,171
1673149918,2023-01-08T03:51:58Z,SIA23,"40.629192,-73.771057",0,9,199
1673149924,2023-01-08T03:52:04Z,SIA23,"40.628986,-73.771255",0,10,210
1673149929,2023-01-08T03:52:09Z,SIA23,"40.628769,-73.771423",0,11,210
1673149934,2023-01-08T03:52:14Z,SIA23,"40.628548,-73.771599",0,11,210
1673149940,2023-01-08T03:52:20Z,SIA23,"40.6283,-73.771835",0,10,213
1673149944,2023-01-08T03:52:24Z,SIA23,"40.628208,-73.772049",0,10,227
1673149949,2023-01-08T03:52:29Z,SIA23,"40.628208,-73.772301",0,9,253
1673149954,2023-01-08T03:52:34Z,SIA23,"40.6283,-73.772522",0,7,275
1673149960,2023-01-08T03:52:40Z,SIA23,"40.628407,-73.772743",0,7,289
1673149968,2023-01-08T03:52:48Z,SIA23,"40.628536,-73.772957",0,3,300
1673150043,2023-01-08T03:54:03Z,SIA23,"40.628639,-73.773163",0,14,300
1673150048,2023-01-08T03:54:08Z,SIA23,"40.628986,-73.773926",0,38,300
1673150055,2023-01-08T03:54:15Z,SIA23,"40.629791,-73.775688",0,65,300
1673150061,2023-01-08T03:54:21Z,SIA23,"40.630875,-73.778076",0,88,300
1673150067,2023-01-08T03:54:27Z,SIA23,"40.631958,-73.780434",0,108,301
1673150073,2023-01-08T03:54:33Z,SIA23,"40.63385,-73.784607",0,129,300
1673150078,2023-01-08T03:54:38Z,SIA23,"40.635448,-73.788239",0,144,300
1673150085,2023-01-08T03:54:45Z,SIA23,"40.637741,-73.793152",0,166,300
1673150091,2023-01-08T03:54:51Z,SIA23,"40.640671,-73.799622",0,173,300
1673150097,2023-01-08T03:54:57Z,SIA23,"40.643143,-73.805115",125,169,300
1673150103,2023-01-08T03:55:03Z,SIA23,"40.645386,-73.81012",425,166,299
1673150107,2023-01-08T03:55:07Z,SIA23,"40.646896,-73.813721",625,164,295
1673150110,2023-01-08T03:55:10Z,SIA23,"40.647644,-73.815887",775,162,291
1673150113,2023-01-08T03:55:13Z,SIA23,"40.648178,-73.817749",900,163,287
1673150116,2023-01-08T03:55:16Z,SIA23,"40.648949,-73.821449",1025,164,282
1673150119,2023-01-08T03:55:19Z,SIA23,"40.649139,-73.82251",1125,166,277
1673150122,2023-01-08T03:55:22Z,SIA23,"40.649601,-73.827499",1225,166,275
1673150126,2023-01-08T03:55:26Z,SIA23,"40.649414,-73.832809",1425,169,262
1673150129,2023-01-08T03:55:29Z,SIA23,"40.64904,-73.835869",1550,171,258
1673150132,2023-01-08T03:55:32Z,SIA23,"40.648499,-73.838806",1650,171,254
1673150135,2023-01-08T03:55:35Z,SIA23,"40.647766,-73.841919",1750,173,251
1673150138,2023-01-08T03:55:38Z,SIA23,"40.647079,-73.844421",1825,175,247
1673150141,2023-01-08T03:55:41Z,SIA23,"40.645924,-73.847847",1875,179,244
1673150144,2023-01-08T03:55:44Z,SIA23,"40.644836,-73.850647",1950,181,240
1673150147,2023-01-08T03:55:47Z,SIA23,"40.643501,-73.853531",2050,182,237
1673150150,2023-01-08T03:55:50Z,SIA23,"40.641872,-73.856712",2150,183,234
1673150153,2023-01-08T03:55:53Z,SIA23,"40.640442,-73.859253",2225,185,232
1673150156,2023-01-08T03:55:56Z,SIA23,"40.638893,-73.861771",2325,186,230
1673150158,2023-01-08T03:55:58Z,SIA23,"40.637741,-73.863586",2375,187,229
1673150162,2023-01-08T03:56:02Z,SIA23,"40.636566,-73.865265",2500,187,228
1673150164,2023-01-08T03:56:04Z,SIA23,"40.634144,-73.868828",2550,190,226
1673150168,2023-01-08T03:56:08Z,SIA23,"40.632378,-73.871262",2650,190,225
1673150169,2023-01-08T03:56:09Z,SIA23,"40.631149,-73.872925",2675,190,225
1673150173,2023-01-08T03:56:13Z,SIA23,"40.628906,-73.875793",2800,193,224
1673150176,2023-01-08T03:56:16Z,SIA23,"40.627068,-73.878189",2850,194,223
1673150179,2023-01-08T03:56:19Z,SIA23,"40.625717,-73.879936",2925,198,223
1673150182,2023-01-08T03:56:22Z,SIA23,"40.622879,-73.88343",2950,201,222
1673150183,2023-01-08T03:56:23Z,SIA23,"40.622314,-73.884094",2975,203,222
1673150185,2023-01-08T03:56:25Z,SIA23,"40.620274,-73.886429",3000,207,220
1673150188,2023-01-08T03:56:28Z,SIA23,"40.619576,-73.887177",3000,211,217
1673150191,2023-01-08T03:56:31Z,SIA23,"40.616455,-73.890076",3050,214,214
1673150192,2023-01-08T03:56:32Z,SIA23,"40.615494,-73.890869",3050,219,209
1673150194,2023-01-08T03:56:34Z,SIA23,"40.614578,-73.891541",3075,222,207
1673150198,2023-01-08T03:56:38Z,SIA23,"40.609909,-73.894226",3125,225,203
1673150199,2023-01-08T03:56:39Z,SIA23,"40.607986,-73.89502",3125,222,207
1673150201,2023-01-08T03:56:41Z,SIA23,"40.607471,-73.895164",3150,226,202
1673150204,2023-01-08T03:56:44Z,SIA23,"40.602722,-73.89624",3200,238,184
1673150207,2023-01-08T03:56:47Z,SIA23,"40.59951,-73.896355",3250,242,180
1673150210,2023-01-08T03:56:50Z,SIA23,"40.596157,-73.896042",3300,246,173
1673150213,2023-01-08T03:56:53Z,SIA23,"40.592621,-73.895355",3350,248,171
1673150216,2023-01-08T03:56:56Z,SIA23,"40.589222,-73.894539",3400,252,168
1673150219,2023-01-08T03:56:59Z,SIA23,"40.58601,-73.893669",3450,256,167
1673150222,2023-01-08T03:57:02Z,SIA23,"40.582657,-73.892609",3500,260,166
1673150225,2023-01-08T03:57:05Z,SIA23,"40.578506,-73.891357",3550,263,166
1673150228,2023-01-08T03:57:08Z,SIA23,"40.575073,-73.890259",3600,267,166
1673150231,2023-01-08T03:57:11Z,SIA23,"40.571857,-73.889297",3650,269,166
1673150234,2023-01-08T03:57:14Z,SIA23,"40.567856,-73.888054",3725,270,166
1673150237,2023-01-08T03:57:17Z,SIA23,"40.56385,-73.886864",3825,272,167
1673150240,2023-01-08T03:57:20Z,SIA23,"40.560196,-73.885803",3925,273,167
1673150243,2023-01-08T03:57:23Z,SIA23,"40.556854,-73.884766",3975,273,166
1673150249,2023-01-08T03:57:29Z,SIA23,"40.549187,-73.882057",4125,269,161
1673150252,2023-01-08T03:57:32Z,SIA23,"40.545547,-73.880249",4200,267,157
1673150255,2023-01-08T03:57:35Z,SIA23,"40.542622,-73.878372",4275,265,151
1673150258,2023-01-08T03:57:38Z,SIA23,"40.539093,-73.875549",4350,264,145
1673150261,2023-01-08T03:57:41Z,SIA23,"40.536385,-73.872818",4425,263,140
1673150264,2023-01-08T03:57:44Z,SIA23,"40.533966,-73.869873",4525,263,134
1673150267,2023-01-08T03:57:47Z,SIA23,"40.531403,-73.866142",4600,263,128
1673150270,2023-01-08T03:57:50Z,SIA23,"40.529251,-73.862183",4675,264,123
1673150273,2023-01-08T03:57:53Z,SIA23,"40.527466,-73.858215",4750,263,116
1673150278,2023-01-08T03:57:58Z,SIA23,"40.52623,-73.854736",4850,263,112
1673150282,2023-01-08T03:58:02Z,SIA23,"40.523987,-73.845459",4950,263,102
1673150285,2023-01-08T03:58:05Z,SIA23,"40.523445,-73.840797",5025,263,97
1673150288,2023-01-08T03:58:08Z,SIA23,"40.523212,-73.835869",5125,262,90
1673150291,2023-01-08T03:58:11Z,SIA23,"40.523346,-73.831665",5200,261,85
1673150293,2023-01-08T03:58:13Z,SIA23,"40.523666,-73.827881",5275,261,80
1673150297,2023-01-08T03:58:17Z,SIA23,"40.524235,-73.823631",5350,261,76
1673150300,2023-01-08T03:58:20Z,SIA23,"40.525497,-73.817261",5425,261,73
1673150303,2023-01-08T03:58:23Z,SIA23,"40.526596,-73.812683",5500,262,71
1673150306,2023-01-08T03:58:26Z,SIA23,"40.527725,-73.808334",5575,261,70
1673150309,2023-01-08T03:58:29Z,SIA23,"40.528793,-73.804504",5650,262,69
1673150312,2023-01-08T03:58:32Z,SIA23,"40.530304,-73.799255",5725,262,69
1673150315,2023-01-08T03:58:35Z,SIA23,"40.531494,-73.795044",5800,264,69
1673150318,2023-01-08T03:58:38Z,SIA23,"40.532913,-73.790222",5875,264,69
1673150321,2023-01-08T03:58:41Z,SIA23,"40.534286,-73.785583",5975,265,68
1673150323,2023-01-08T03:58:43Z,SIA23,"40.535034,-73.782997",6000,265,69
1673150333,2023-01-08T03:58:53Z,SIA23,"40.539738,-73.766953",6300,270,68
1673150344,2023-01-08T03:59:04Z,SIA23,"40.544903,-73.749222",6575,272,69
1673150356,2023-01-08T03:59:16Z,SIA23,"40.550034,-73.731018",6875,269,71
1673150363,2023-01-08T03:59:23Z,SIA23,"40.551979,-73.721382",7025,269,79
1673150365,2023-01-08T03:59:25Z,SIA23,"40.55246,-73.716858",7100,268,85
1673150368,2023-01-08T03:59:28Z,SIA23,"40.552597,-73.711853",7175,270,90
1673150372,2023-01-08T03:59:32Z,SIA23,"40.552353,-73.706528",7250,270,96
1673150374,2023-01-08T03:59:34Z,SIA23,"40.551842,-73.702347",7325,272,101
1673150378,2023-01-08T03:59:38Z,SIA23,"40.550812,-73.696838",7400,274,105
1673150381,2023-01-08T03:59:41Z,SIA23,"40.549667,-73.691956",7475,276,108
1673150384,2023-01-08T03:59:44Z,SIA23,"40.548477,-73.687378",7550,278,109
1673150386,2023-01-08T03:59:46Z,SIA23,"40.547234,-73.682617",7625,279,109
1673150389,2023-01-08T03:59:49Z,SIA23,"40.546051,-73.678406",7700,280,109
1673150393,2023-01-08T03:59:53Z,SIA23,"40.544632,-73.672974",7775,282,109
1673150396,2023-01-08T03:59:56Z,SIA23,"40.543415,-73.668259",7850,283,108
1673150398,2023-01-08T03:59:58Z,SIA23,"40.542206,-73.663582",7925,284,108
1673150402,2023-01-08T04:00:02Z,SIA23,"40.540878,-73.658142",8000,286,107
1673150414,2023-01-08T04:00:14Z,SIA23,"40.536072,-73.637817",8300,290,106
1673150426,2023-01-08T04:00:26Z,SIA23,"40.53159,-73.617699",8600,293,106
1673150438,2023-01-08T04:00:38Z,SIA23,"40.527168,-73.597534",8900,294,105
1673150450,2023-01-08T04:00:50Z,SIA23,"40.522465,-73.576126",9225,295,106
1673150462,2023-01-08T04:01:02Z,SIA23,"40.517857,-73.555336",9525,295,106
1673150474,2023-01-08T04:01:14Z,SIA23,"40.513229,-73.534729",9825,297,106
1673150486,2023-01-08T04:01:26Z,SIA23,"40.508469,-73.513489",10125,303,106
1673150498,2023-01-08T04:01:38Z,SIA23,"40.503704,-73.492477",10275,314,106
1673150510,2023-01-08T04:01:50Z,SIA23,"40.498909,-73.47113",10425,326,106
1673150522,2023-01-08T04:02:02Z,SIA23,"40.493408,-73.44696",10600,339,106
1673150534,2023-01-08T04:02:14Z,SIA23,"40.488949,-73.422882",10725,347,98
1673150537,2023-01-08T04:02:17Z,SIA23,"40.488388,-73.415138",10775,348,92
1673150540,2023-01-08T04:02:20Z,SIA23,"40.488342,-73.409897",10800,350,88
1673150543,2023-01-08T04:02:23Z,SIA23,"40.488693,-73.403259",10825,350,84
1673150546,2023-01-08T04:02:26Z,SIA23,"40.48938,-73.396667",10875,352,80
1673150549,2023-01-08T04:02:29Z,SIA23,"40.490387,-73.390442",10925,354,76
1673150552,2023-01-08T04:02:32Z,SIA23,"40.491604,-73.384117",10975,354,75
1673150555,2023-01-08T04:02:35Z,SIA23,"40.492859,-73.377991",11100,354,74
1673150558,2023-01-08T04:02:38Z,SIA23,"40.493977,-73.372688",11225,353,74
1673150561,2023-01-08T04:02:41Z,SIA23,"40.495651,-73.364624",11375,351,74
1673150564,2023-01-08T04:02:44Z,SIA23,"40.496445,-73.360954",11550,350,74
1673150568,2023-01-08T04:02:48Z,SIA23,"40.49826,-73.351967",11750,349,75
1673150579,2023-01-08T04:02:59Z,SIA23,"40.503113,-73.326904",12100,353,76
1673150613,2023-01-08T04:03:33Z,SIA23,"40.515484,-73.255959",13250,358,77
1673150646,2023-01-08T04:04:06Z,SIA23,"40.527649,-73.186035",14225,367,77
1673150678,2023-01-08T04:04:38Z,SIA23,"40.540009,-73.11554",15175,373,77
1673150696,2023-01-08T04:04:56Z,SIA23,"40.549282,-73.076561",15675,372,66
1673150699,2023-01-08T04:04:59Z,SIA23,"40.551655,-73.069878",15775,371,64
1673150702,2023-01-08T04:05:02Z,SIA23,"40.554062,-73.063599",15850,371,63
1673150705,2023-01-08T04:05:05Z,SIA23,"40.556496,-73.057335",15925,372,62
1673150708,2023-01-08T04:05:08Z,SIA23,"40.558685,-73.051842",15975,373,62
1673150710,2023-01-08T04:05:10Z,SIA23,"40.559849,-73.048973",16025,373,62
1673150714,2023-01-08T04:05:14Z,SIA23,"40.563034,-73.041138",16125,374,62
1673150717,2023-01-08T04:05:17Z,SIA23,"40.565666,-73.034554",16225,373,62
1673150750,2023-01-08T04:05:50Z,SIA23,"40.59169,-72.96698",17225,379,63
1673150783,2023-01-08T04:06:23Z,SIA23,"40.618084,-72.897034",18050,387,63
1673150844,2023-01-08T04:07:24Z,SIA23,"40.666733,-72.768135",19550,398,63
1673150907,2023-01-08T04:08:27Z,SIA23,"40.717522,-72.632866",21800,385,63
1673150967,2023-01-08T04:09:27Z,SIA23,"40.766327,-72.50293",23000,398,63
1673151031,2023-01-08T04:10:31Z,SIA23,"40.8181,-72.36377",24450,402,63
1673151094,2023-01-08T04:11:34Z,SIA23,"40.869965,-72.224182",25500,412,63
1673151154,2023-01-08T04:12:34Z,SIA23,"40.921234,-72.085205",26625,418,64
1673151217,2023-01-08T04:13:37Z,SIA23,"40.974884,-71.939209",27625,424,64
1673151279,2023-01-08T04:14:39Z,SIA23,"41.027664,-71.794861",28350,432,64
1673151339,2023-01-08T04:15:39Z,SIA23,"41.080486,-71.64959",29275,434,64
1673151402,2023-01-08T04:16:42Z,SIA23,"41.13533,-71.49823",29950,443,64
1673151466,2023-01-08T04:17:46Z,SIA23,"41.191818,-71.341187",30600,449,64
1673151529,2023-01-08T04:18:49Z,SIA23,"41.248764,-71.182312",30925,459,64
1673151589,2023-01-08T04:19:49Z,SIA23,"41.304108,-71.026733",31250,470,64
1673151651,2023-01-08T04:20:51Z,SIA23,"41.362244,-70.861877",31500,481,65
1673151715,2023-01-08T04:21:55Z,SIA23,"41.417152,-70.687187",31875,489,67
1673151777,2023-01-08T04:22:57Z,SIA23,"41.472412,-70.513382",32450,490,67
1673151843,2023-01-08T04:24:03Z,SIA23,"41.530334,-70.330605",32925,496,67
1673151903,2023-01-08T04:25:03Z,SIA23,"41.584648,-70.15799",33000,503,67
1673151967,2023-01-08T04:26:07Z,SIA23,"41.641296,-69.976357",33000,503,67
1673152027,2023-01-08T04:27:07Z,SIA23,"41.695305,-69.802208",33000,503,67
1673152091,2023-01-08T04:28:11Z,SIA23,"41.752048,-69.618317",33000,506,67
1673152154,2023-01-08T04:29:14Z,SIA23,"41.807419,-69.437218",33000,504,67
1673152217,2023-01-08T04:30:17Z,SIA23,"41.863403,-69.253128",33000,505,67
1673152278,2023-01-08T04:31:18Z,SIA23,"41.915588,-69.080536",33000,507,67
1673152340,2023-01-08T04:32:20Z,SIA23,"41.970108,-68.898575",33000,506,68
1673152400,2023-01-08T04:33:20Z,SIA23,"42.023312,-68.719933",33000,506,68
1673152465,2023-01-08T04:34:25Z,SIA23,"42.079266,-68.530731",33000,504,68
1673152525,2023-01-08T04:35:25Z,SIA23,"42.13092,-68.354622",33000,507,68
1673152586,2023-01-08T04:36:26Z,SIA23,"42.182705,-68.177254",33000,506,68
1673152649,2023-01-08T04:37:29Z,SIA23,"42.236618,-67.990891",33000,508,68
1673152709,2023-01-08T04:38:29Z,SIA23,"42.287308,-67.814514",33000,505,68
1673152773,2023-01-08T04:39:33Z,SIA23,"42.340988,-67.626465",33000,507,69
1673152836,2023-01-08T04:40:36Z,SIA23,"42.394238,-67.438614",33000,510,69
1673152896,2023-01-08T04:41:36Z,SIA23,"42.444626,-67.259361",33175,514,69
1673152959,2023-01-08T04:42:39Z,SIA23,"42.496582,-67.073402",33600,518,69
1673153020,2023-01-08T04:43:40Z,SIA23,"42.54895,-66.884201",34250,516,69
1673153081,2023-01-08T04:44:41Z,SIA23,"42.598278,-66.704964",34700,519,69
1673153142,2023-01-08T04:45:42Z,SIA23,"42.650322,-66.513916",35000,522,69
1673153203,2023-01-08T04:46:43Z,SIA23,"42.700974,-66.327019",35000,522,69
1673153266,2023-01-08T04:47:46Z,SIA23,"42.75325,-66.132393",35000,522,69
1673153326,2023-01-08T04:48:46Z,SIA23,"42.80278,-65.946838",35000,525,70
1673153388,2023-01-08T04:49:48Z,SIA23,"42.85318,-65.756302",35000,526,70
1673153449,2023-01-08T04:50:49Z,SIA23,"42.903008,-65.566406",35000,525,70
1673153512,2023-01-08T04:51:52Z,SIA23,"42.95517,-65.366096",35000,526,70
1673153574,2023-01-08T04:52:54Z,SIA23,"43.005295,-65.171982",35000,527,70
1673153638,2023-01-08T04:53:58Z,SIA23,"43.056442,-64.971901",35000,526,70
1673153699,2023-01-08T04:54:59Z,SIA23,"43.105183,-64.779968",35000,528,70
1673153760,2023-01-08T04:56:00Z,SIA23,"43.153133,-64.589798",35000,524,71
1673153822,2023-01-08T04:57:02Z,SIA23,"43.20195,-64.394127",35000,522,71
1673153884,2023-01-08T04:58:04Z,SIA23,"43.249405,-64.2024",35000,522,71
1673153945,2023-01-08T04:59:05Z,SIA23,"43.296295,-64.011459",35000,523,71
1673154007,2023-01-08T05:00:07Z,SIA23,"43.343491,-63.817856",35000,524,71
1673154067,2023-01-08T05:01:07Z,SIA23,"43.390228,-63.624126",35000,527,71
1673154129,2023-01-08T05:02:09Z,SIA23,"43.436966,-63.429119",35025,530,71
1673154191,2023-01-08T05:03:11Z,SIA23,"43.484482,-63.228683",35000,532,71
1673154259,2023-01-08T05:04:19Z,SIA23,"43.535751,-63.010551",35000,528,72
1673154323,2023-01-08T05:05:23Z,SIA23,"43.583275,-62.806549",35000,529,72
1673154384,2023-01-08T05:06:24Z,SIA23,"43.627716,-62.614277",35000,530,72
1673154448,2023-01-08T05:07:28Z,SIA23,"43.675278,-62.406048",35000,529,72
1673154509,2023-01-08T05:08:29Z,SIA23,"43.720558,-62.206158",35000,528,72
1673154572,2023-01-08T05:09:32Z,SIA23,"43.76511,-62.007687",35000,529,72
1673154639,2023-01-08T05:10:39Z,SIA23,"43.81311,-61.79171",35000,531,73
1673154715,2023-01-08T05:11:55Z,SIA23,"43.868042,-61.541641",35000,530,73
1673154786,2023-01-08T05:13:06Z,SIA23,"43.918213,-61.310863",35000,527,73
1673154852,2023-01-08T05:14:12Z,SIA23,"43.963989,-61.098038",35000,527,73
1673154913,2023-01-08T05:15:13Z,SIA23,"44.005966,-60.900921",35000,530,73
1673154978,2023-01-08T05:16:18Z,SIA23,"44.050613,-60.689262",35000,533,73
1673155041,2023-01-08T05:17:21Z,SIA23,"44.09404,-60.481079",35000,534,73
1673155105,2023-01-08T05:18:25Z,SIA23,"44.138168,-60.267673",35000,536,74
1673155170,2023-01-08T05:19:30Z,SIA23,"44.181519,-60.055519",35000,537,74
1673155231,2023-01-08T05:20:31Z,SIA23,"44.223091,-59.849766",35000,540,74
1673155296,2023-01-08T05:21:36Z,SIA23,"44.266296,-59.633919",35000,541,74
1673155360,2023-01-08T05:22:40Z,SIA23,"44.309006,-59.418053",35000,540,74
1673155424,2023-01-08T05:23:44Z,SIA23,"44.351017,-59.203648",35000,540,74
1673155480,2023-01-08T05:24:40Z,SIA23,"44.388023,-59.012527",35000,542,74
1673155561,2023-01-08T05:26:01Z,SIA23,"44.424145,-58.780792",35000,540,70
1673155622,2023-01-08T05:27:02Z,SIA23,"44.454914,-58.580307",35000,540,89
1673155661,2023-01-08T05:27:41Z,SIA23,"44.470688,-58.458809",35000,540,78
1673155740,2023-01-08T05:29:00Z,SIA23,"44.523651,-58.198658",35000,540,64
1673155779,2023-01-08T05:29:39Z,SIA23,"44.54681,-58.061287",35000,540,81
1673155841,2023-01-08T05:30:41Z,SIA23,"44.582825,-57.838531",35000,540,77
1673155923,2023-01-08T05:32:03Z,SIA23,"44.643757,-57.558224",35000,540,70
1673155984,2023-01-08T05:33:04Z,SIA23,"44.682671,-57.363338",35000,540,64
1673156045,2023-01-08T05:34:05Z,SIA23,"44.71806,-57.167728",35000,540,64
1673156106,2023-01-08T05:35:06Z,SIA23,"44.75172,-56.958687",35000,540,64
1673156168,2023-01-08T05:36:08Z,SIA23,"44.78455,-56.752411",35000,540,64
1673156205,2023-01-08T05:36:45Z,SIA23,"44.808971,-56.622799",35000,540,74
1673156296,2023-01-08T05:38:16Z,SIA23,"44.863956,-56.340424",35000,540,74
1673156327,2023-01-08T05:38:47Z,SIA23,"44.87627,-56.218266",35000,540,89
1673156388,2023-01-08T05:39:48Z,SIA23,"44.905689,-55.999649",35000,540,77
1673156449,2023-01-08T05:40:49Z,SIA23,"44.93602,-55.795094",35000,540,75
1673156475,2023-01-08T05:41:15Z,SIA23,"44.949524,-55.7122",35000,540,74
1673156510,2023-01-08T05:41:50Z,SIA23,"44.973877,-55.588066",35000,540,70
1673156535,2023-01-08T05:42:15Z,SIA23,"44.986401,-55.501568",35000,540,89
1673156570,2023-01-08T05:42:50Z,SIA23,"45.003918,-55.380802",35000,540,78
1673156618,2023-01-08T05:43:38Z,SIA23,"45.061169,-55.135826",35000,551,77
1673156716,2023-01-08T05:45:16Z,SIA23,"45.090813,-54.844727",35000,540,74
1673156781,2023-01-08T05:46:21Z,SIA23,"45.148315,-54.56229",35000,553,78
1673156841,2023-01-08T05:47:21Z,SIA23,"45.180222,-54.347729",35000,555,78
1673156902,2023-01-08T05:48:22Z,SIA23,"45.212139,-54.129169",35000,555,78
1673156963,2023-01-08T05:49:23Z,SIA23,"45.243393,-53.912464",35000,554,78
1673157027,2023-01-08T05:50:27Z,SIA23,"45.275528,-53.68626",35000,551,78
1673157088,2023-01-08T05:51:28Z,SIA23,"45.30574,-53.470722",35275,549,78
1673157149,2023-01-08T05:52:29Z,SIA23,"45.335678,-53.253086",35525,555,78
1673157213,2023-01-08T05:53:33Z,SIA23,"45.366669,-53.02512",36000,554,79
1673157274,2023-01-08T05:54:34Z,SIA23,"45.395966,-52.806179",36000,556,79
1673157335,2023-01-08T05:55:35Z,SIA23,"45.424648,-52.58807",36000,556,79
1673157396,2023-01-08T05:56:36Z,SIA23,"45.453232,-52.367641",36000,557,79
1673157457,2023-01-08T05:57:37Z,SIA23,"45.481304,-52.147678",36000,556,79
1673157518,2023-01-08T05:58:38Z,SIA23,"45.51828,-51.929821",36000,561,71
1673157580,2023-01-08T05:59:40Z,SIA23,"45.573212,-51.718342",36000,563,70
1673157641,2023-01-08T06:00:41Z,SIA23,"45.627914,-51.504108",36000,563,70
1673157702,2023-01-08T06:01:42Z,SIA23,"45.682316,-51.290497",36000,562,70
1673157763,2023-01-08T06:02:43Z,SIA23,"45.736038,-51.077293",36000,563,70
1673157824,2023-01-08T06:03:44Z,SIA23,"45.789413,-50.863281",36000,563,70
1673157885,2023-01-08T06:04:45Z,SIA23,"45.842361,-50.649239",36000,565,70
1673157947,2023-01-08T06:05:47Z,SIA23,"45.895432,-50.432602",36000,567,70
1673158007,2023-01-08T06:06:47Z,SIA23,"45.947983,-50.215893",36000,569,70
1673158069,2023-01-08T06:07:49Z,SIA23,"46.000671,-49.996635",36000,571,71
1673158130,2023-01-08T06:08:50Z,SIA23,"46.05534,-49.778366",36000,573,69
1673158191,2023-01-08T06:09:51Z,SIA23,"46.110168,-49.559059",36000,573,70
1673158252,2023-01-08T06:10:52Z,SIA23,"46.164597,-49.338058",36000,573,70
1673158313,2023-01-08T06:11:53Z,SIA23,"46.21841,-49.117538",36000,577,70
1673158375,2023-01-08T06:12:55Z,SIA23,"46.27232,-48.894447",36000,578,70
1673158436,2023-01-08T06:13:56Z,SIA23,"46.325527,-48.671906",36000,577,71
1673158497,2023-01-08T06:14:57Z,SIA23,"46.37883,-48.446827",36000,578,71
1673158525,2023-01-08T06:15:25Z,SIA23,"46.40192,-48.348427",36000,578,71
1673158614,2023-01-08T06:16:54Z,SIA23,"46.478531,-48.019432",36000,584,71
1673158675,2023-01-08T06:17:55Z,SIA23,"46.530823,-47.791832",36000,584,71
1673158711,2023-01-08T06:18:31Z,SIA23,"46.560883,-47.659832",36000,584,71
1673158791,2023-01-08T06:19:51Z,SIA23,"46.588135,-47.407917",36000,580,77
1673158852,2023-01-08T06:20:52Z,SIA23,"46.627148,-47.193645",36000,580,67
1673158881,2023-01-08T06:21:21Z,SIA23,"46.653416,-47.107208",36000,580,53
1673158943,2023-01-08T06:22:23Z,SIA23,"46.703327,-46.901024",36000,580,71
1673160322,2023-01-08T06:45:22Z,SIA23,"47.797737,-41.294174",35992,580,71
1673161155,2023-01-08T06:59:15Z,SIA23,"48.313236,-37.681561",36012,580,71
1673162309,2023-01-08T07:18:29Z,SIA23,"48.83131,-32.540817",36000,580,71
1673162877,2023-01-08T07:27:57Z,SIA23,"49.002972,-29.988728",36012,580,71
1673164245,2023-01-08T07:50:45Z,SIA23,"49.679317,-24.313087",36004,580,71
1673165305,2023-01-08T08:08:25Z,SIA23,"50.001526,-19.966106",36004,580,71
1673167039,2023-01-08T08:37:19Z,SIA23,"49.888824,-12.915468",37000,564,95
1673167129,2023-01-08T08:38:49Z,SIA23,"49.865547,-12.551954",37000,564,95
1673167193,2023-01-08T08:39:53Z,SIA23,"49.848312,-12.293774",37000,567,95
1673167257,2023-01-08T08:40:57Z,SIA23,"49.830917,-12.04022",37000,565,96
1673167320,2023-01-08T08:42:00Z,SIA23,"49.812851,-11.788181",37000,565,96
1673167383,2023-01-08T08:43:03Z,SIA23,"49.794296,-11.535067",37000,561,96
1673167445,2023-01-08T08:44:05Z,SIA23,"49.775665,-11.28903",37000,558,96
1673167506,2023-01-08T08:45:06Z,SIA23,"49.756851,-11.046753",37000,557,96
1673167570,2023-01-08T08:46:10Z,SIA23,"49.736782,-10.796443",37000,557,97
1673167629,2023-01-08T08:47:09Z,SIA23,"49.71785,-10.564944",37000,558,97
1673167693,2023-01-08T08:48:13Z,SIA23,"49.696236,-10.308813",37000,560,97
1673167757,2023-01-08T08:49:17Z,SIA23,"49.674496,-10.057909",37000,561,97
1673167820,2023-01-08T08:50:20Z,SIA23,"49.652199,-9.806931",37000,560,97
1673167880,2023-01-08T08:51:20Z,SIA23,"49.630692,-9.57061",37000,558,98
1673167944,2023-01-08T08:52:24Z,SIA23,"49.607391,-9.320815",37000,558,98
1673168005,2023-01-08T08:53:25Z,SIA23,"49.584419,-9.080126",37000,560,98
1673168068,2023-01-08T08:54:28Z,SIA23,"49.560516,-8.835032",37000,559,98
1673168131,2023-01-08T08:55:31Z,SIA23,"49.535862,-8.588191",37000,559,98
1673168194,2023-01-08T08:56:34Z,SIA23,"49.510757,-8.342093",37025,557,98
1673168257,2023-01-08T08:57:37Z,SIA23,"49.490753,-8.093657",37000,559,92
1673168317,2023-01-08T08:58:37Z,SIA23,"49.481689,-7.856236",37000,559,93
1673168378,2023-01-08T08:59:38Z,SIA23,"49.471436,-7.610408",37000,562,93
1673168442,2023-01-08T09:00:42Z,SIA23,"49.460773,-7.364329",37000,564,93
1673168503,2023-01-08T09:01:43Z,SIA23,"49.449509,-7.11632",36975,560,94
1673168566,2023-01-08T09:02:46Z,SIA23,"49.437687,-6.870092",37000,551,94
1673168626,2023-01-08T09:03:46Z,SIA23,"49.425797,-6.634334",37000,555,94
1673168690,2023-01-08T09:04:50Z,SIA23,"49.41275,-6.384395",37025,556,94
1673168752,2023-01-08T09:05:52Z,SIA23,"49.399612,-6.1434",37000,557,94
1673168813,2023-01-08T09:06:53Z,SIA23,"49.385918,-5.901176",37000,557,95
1673168876,2023-01-08T09:07:56Z,SIA23,"49.371395,-5.653912",37000,554,95
1673168937,2023-01-08T09:08:57Z,SIA23,"49.357452,-5.42457",37000,551,95
1673169000,2023-01-08T09:10:00Z,SIA23,"49.341431,-5.171039",37000,553,95
1673169061,2023-01-08T09:11:01Z,SIA23,"49.325958,-4.933006",37000,555,95
1673169123,2023-01-08T09:12:03Z,SIA23,"49.309853,-4.69333",37000,554,95
1673169185,2023-01-08T09:13:05Z,SIA23,"49.29314,-4.452354",37000,556,96
1673169248,2023-01-08T09:14:08Z,SIA23,"49.275513,-4.205933",37000,551,96
1673169310,2023-01-08T09:15:10Z,SIA23,"49.257713,-3.964836",37000,546,96
1673169374,2023-01-08T09:16:14Z,SIA23,"49.239212,-3.720985",36975,543,96
1673169437,2023-01-08T09:17:17Z,SIA23,"49.220627,-3.482455",37000,540,96
1673169500,2023-01-08T09:18:20Z,SIA23,"49.201996,-3.249488",37000,542,97
1673169562,2023-01-08T09:19:22Z,SIA23,"49.18222,-3.009127",37000,544,97
1673169625,2023-01-08T09:20:25Z,SIA23,"49.161987,-2.769752",37000,541,97
1673169688,2023-01-08T09:21:28Z,SIA23,"49.141613,-2.53365",37025,538,97
1673169749,2023-01-08T09:22:29Z,SIA23,"49.120926,-2.300298",37000,542,97
1673169813,2023-01-08T09:23:33Z,SIA23,"49.099457,-2.063106",37000,541,97
1673169874,2023-01-08T09:24:34Z,SIA23,"49.078766,-1.840571",37000,542,98
1673169935,2023-01-08T09:25:35Z,SIA23,"49.05619,-1.60198",37000,538,98
1673169998,2023-01-08T09:26:38Z,SIA23,"49.033474,-1.368015",36975,536,98
1673170061,2023-01-08T09:27:41Z,SIA23,"49.010147,-1.132648",37000,537,98
1673170122,2023-01-08T09:28:42Z,SIA23,"48.987213,-0.90595",37000,539,98
1673170184,2023-01-08T09:29:44Z,SIA23,"48.963043,-0.671152",37000,538,99
1673170247,2023-01-08T09:30:47Z,SIA23,"48.938274,-0.437212",37000,540,99
1673170310,2023-01-08T09:31:50Z,SIA23,"48.912949,-0.201657",37000,541,99
1673170373,2023-01-08T09:32:53Z,SIA23,"48.886879,0.035561",37000,542,99
1673170433,2023-01-08T09:33:53Z,SIA23,"48.861694,0.261214",37000,544,99
1673170495,2023-01-08T09:34:55Z,SIA23,"48.835693,0.489244",37000,540,99
1673170558,2023-01-08T09:35:58Z,SIA23,"48.808067,0.727049",37000,543,100
1673170618,2023-01-08T09:36:58Z,SIA23,"48.781769,0.949754",37000,540,100
1673170682,2023-01-08T09:38:02Z,SIA23,"48.752995,1.188475",37000,545,100
1673170744,2023-01-08T09:39:04Z,SIA23,"48.724686,1.420335",37000,544,100
1673170807,2023-01-08T09:40:07Z,SIA23,"48.69548,1.654358",37000,540,100
1673170868,2023-01-08T09:41:08Z,SIA23,"48.667152,1.877506",37000,540,100
1673170930,2023-01-08T09:42:10Z,SIA23,"48.638077,2.103107",37000,538,101
1673170994,2023-01-08T09:43:14Z,SIA23,"48.606445,2.344384",37000,542,101
1673171057,2023-01-08T09:44:17Z,SIA23,"48.575455,2.577139",37000,539,101
1673171119,2023-01-08T09:45:19Z,SIA23,"48.547211,2.805246",37000,537,100
1673171182,2023-01-08T09:46:22Z,SIA23,"48.518139,3.03519",37000,537,100
1673171245,2023-01-08T09:47:25Z,SIA23,"48.48793,3.269841",37025,538,100
1673171308,2023-01-08T09:48:28Z,SIA23,"48.457581,3.501751",37000,536,101
1673171370,2023-01-08T09:49:30Z,SIA23,"48.428513,3.719999",37000,533,101
1673171431,2023-01-08T09:50:31Z,SIA23,"48.397888,3.945993",37000,532,101
1673171493,2023-01-08T09:51:33Z,SIA23,"48.367035,4.171072",37000,538,101
1673171555,2023-01-08T09:52:35Z,SIA23,"48.335701,4.396338",37000,532,101
1673171617,2023-01-08T09:53:37Z,SIA23,"48.303726,4.621653",37000,532,102
1673171678,2023-01-08T09:54:38Z,SIA23,"48.273273,4.833695",37025,532,102
1673171740,2023-01-08T09:55:40Z,SIA23,"48.239712,5.064119",37000,529,102
1673171801,2023-01-08T09:56:41Z,SIA23,"48.207596,5.281255",37000,533,102
1673171862,2023-01-08T09:57:42Z,SIA23,"48.174545,5.501756",37000,529,102
1673171925,2023-01-08T09:58:45Z,SIA23,"48.140461,5.725426",37000,527,102
1673171987,2023-01-08T09:59:47Z,SIA23,"48.106705,5.944153",37000,530,102
1673172049,2023-01-08T10:00:49Z,SIA23,"48.07196,6.166145",37000,529,103
1673172112,2023-01-08T10:01:52Z,SIA23,"48.036621,6.389442",37000,530,103
1673172173,2023-01-08T10:02:53Z,SIA23,"48.002197,6.604019",37000,526,103
1673172236,2023-01-08T10:03:56Z,SIA23,"47.96603,6.826242",37025,527,103
1673172298,2023-01-08T10:04:58Z,SIA23,"47.931473,7.045532",37000,536,102
1673172359,2023-01-08T10:05:59Z,SIA23,"47.89769,7.268372",37000,538,103
1673172422,2023-01-08T10:07:02Z,SIA23,"47.862625,7.493088",37000,538,103
1673172485,2023-01-08T10:08:05Z,SIA23,"47.827023,7.717825",37000,542,103
1673172548,2023-01-08T10:09:08Z,SIA23,"47.789978,7.948883",37000,544,103
1673172611,2023-01-08T10:10:11Z,SIA23,"47.752632,8.178617",37025,541,103
1673172673,2023-01-08T10:11:13Z,SIA23,"47.716137,8.399752",37000,541,103
1673172734,2023-01-08T10:12:14Z,SIA23,"47.679642,8.618423",37000,539,103
1673172795,2023-01-08T10:13:15Z,SIA23,"47.642956,8.83498",37025,536,104
1673172858,2023-01-08T10:14:18Z,SIA23,"47.604492,9.059464",37000,534,104
1673172921,2023-01-08T10:15:21Z,SIA23,"47.565857,9.282211",37025,534,104
1673172984,2023-01-08T10:16:24Z,SIA23,"47.526993,9.503586",37000,528,104
1673173045,2023-01-08T10:17:25Z,SIA23,"47.489288,9.715364",37000,529,104
1673173108,2023-01-08T10:18:28Z,SIA23,"47.449345,9.936922",37000,536,104
1673173170,2023-01-08T10:19:30Z,SIA23,"47.409256,10.157204",37000,542,105
1673173234,2023-01-08T10:20:34Z,SIA23,"47.367321,10.384686",37000,537,105
1673173297,2023-01-08T10:21:37Z,SIA23,"47.325935,10.606314",37000,540,105
1673173360,2023-01-08T10:22:40Z,SIA23,"47.284378,10.825859",37000,536,105
1673173423,2023-01-08T10:23:43Z,SIA23,"47.242702,11.04457",37025,522,105
1673173486,2023-01-08T10:24:46Z,SIA23,"47.202438,11.252266",37000,514,105
1673173547,2023-01-08T10:25:47Z,SIA23,"47.161652,11.461135",37000,514,106
1673173608,2023-01-08T10:26:48Z,SIA23,"47.119537,11.665421",37000,512,108
1673173669,2023-01-08T10:27:49Z,SIA23,"47.073257,11.872101",37000,520,107
1673173733,2023-01-08T10:28:53Z,SIA23,"47.026836,12.082637",37000,518,107
1673173796,2023-01-08T10:29:56Z,SIA23,"46.978088,12.291229",37000,512,111
1673173858,2023-01-08T10:30:58Z,SIA23,"46.923027,12.491385",37000,512,111
1673173921,2023-01-08T10:32:01Z,SIA23,"46.869118,12.693364",37000,515,111
1673173984,2023-01-08T10:33:04Z,SIA23,"46.814758,12.895203",37000,518,111
1673174046,2023-01-08T10:34:06Z,SIA23,"46.760372,13.09536",37000,516,111
1673174109,2023-01-08T10:35:09Z,SIA23,"46.704483,13.299419",37000,515,111
1673174171,2023-01-08T10:36:11Z,SIA23,"46.650009,13.496436",37000,511,111
1673174232,2023-01-08T10:37:12Z,SIA23,"46.595718,13.691231",37000,510,112
1673174295,2023-01-08T10:38:15Z,SIA23,"46.538727,13.894088",37000,513,112
1673174358,2023-01-08T10:39:18Z,SIA23,"46.481735,14.094856",37000,512,112
1673174420,2023-01-08T10:40:20Z,SIA23,"46.426392,14.289126",37000,515,112
1673174480,2023-01-08T10:41:20Z,SIA23,"46.370731,14.482384",37000,514,112
1673174543,2023-01-08T10:42:23Z,SIA23,"46.314728,14.6754",37025,511,112
1673174604,2023-01-08T10:43:24Z,SIA23,"46.256882,14.873076",37000,513,113
1673174667,2023-01-08T10:44:27Z,SIA23,"46.19886,15.069946",37000,512,113
1673174730,2023-01-08T10:45:30Z,SIA23,"46.139786,15.268785",37000,511,113
1673174793,2023-01-08T10:46:33Z,SIA23,"46.0714,15.459412",37000,513,118
1673174854,2023-01-08T10:47:34Z,SIA23,"46.002781,15.642059",37000,518,118
1673174918,2023-01-08T10:48:38Z,SIA23,"45.929508,15.834526",37000,516,118
1673174979,2023-01-08T10:49:39Z,SIA23,"45.859634,16.015594",37000,516,119
1673175039,2023-01-08T10:50:39Z,SIA23,"45.788956,16.197666",37000,516,119
1673175102,2023-01-08T10:51:42Z,SIA23,"45.716812,16.384567",37000,513,118
1673175161,2023-01-08T10:52:41Z,SIA23,"45.65831,16.566111",37000,513,112
1673175225,2023-01-08T10:53:45Z,SIA23,"45.598381,16.764107",37000,514,113
1673175288,2023-01-08T10:54:48Z,SIA23,"45.539028,16.959541",37000,514,113
1673175350,2023-01-08T10:55:50Z,SIA23,"45.482887,17.142893",37000,514,113
1673175410,2023-01-08T10:56:50Z,SIA23,"45.422516,17.338388",37000,512,113
1673175473,2023-01-08T10:57:53Z,SIA23,"45.36557,17.521427",37000,513,113
1673175535,2023-01-08T10:58:55Z,SIA23,"45.30249,17.722713",37000,516,114
1673175599,2023-01-08T10:59:59Z,SIA23,"45.240555,17.918766",37000,518,114
1673175659,2023-01-08T11:00:59Z,SIA23,"45.181229,18.105202",37000,518,114
1673175723,2023-01-08T11:02:03Z,SIA23,"45.118607,18.300476",37000,516,114
1673175783,2023-01-08T11:03:03Z,SIA23,"45.058422,18.486708",37000,519,114
1673175846,2023-01-08T11:04:06Z,SIA23,"44.995205,18.681112",37000,518,114
1673175910,2023-01-08T11:05:10Z,SIA23,"44.931477,18.87545",37000,515,114
1673175971,2023-01-08T11:06:11Z,SIA23,"44.871098,19.058533",37000,516,114
1673176032,2023-01-08T11:07:12Z,SIA23,"44.808994,19.245234",37000,518,115
1673176093,2023-01-08T11:08:13Z,SIA23,"44.746662,19.431465",37000,517,115
1673176155,2023-01-08T11:09:15Z,SIA23,"44.683044,19.620077",37000,518,115
1673176218,2023-01-08T11:10:18Z,SIA23,"44.618599,19.809891",37000,518,115
1673176281,2023-01-08T11:11:21Z,SIA23,"44.553005,20.001549",37000,518,115
1673176345,2023-01-08T11:12:25Z,SIA23,"44.487179,20.192671",37000,516,115
1673176405,2023-01-08T11:13:25Z,SIA23,"44.424614,20.37314",37000,517,115
1673176468,2023-01-08T11:14:28Z,SIA23,"44.35907,20.560913",37000,516,116
1673176531,2023-01-08T11:15:31Z,SIA23,"44.292068,20.751278",37000,520,116
1673176592,2023-01-08T11:16:32Z,SIA23,"44.228256,20.93157",37000,519,116
1673176655,2023-01-08T11:17:35Z,SIA23,"44.161083,21.119974",37000,520,116
1673176718,2023-01-08T11:18:38Z,SIA23,"44.09293,21.309814",37000,521,116
1673176779,2023-01-08T11:19:39Z,SIA23,"44.026779,21.492855",37000,520,116
1673176842,2023-01-08T11:20:42Z,SIA23,"43.959137,21.678772",37000,518,116
1673176905,2023-01-08T11:21:45Z,SIA23,"43.890148,21.867109",37000,521,116
1673176968,2023-01-08T11:22:48Z,SIA23,"43.822083,22.051668",37000,520,117
1673177029,2023-01-08T11:23:49Z,SIA23,"43.754589,22.233385",37000,520,117
1673177092,2023-01-08T11:24:52Z,SIA23,"43.68462,22.419107",37000,522,119
1673177153,2023-01-08T11:25:53Z,SIA23,"43.607758,22.586485",37000,520,122
1673177216,2023-01-08T11:26:56Z,SIA23,"43.524944,22.766026",37000,522,122
1673177279,2023-01-08T11:27:59Z,SIA23,"43.443295,22.941284",37000,523,122
1673177342,2023-01-08T11:29:02Z,SIA23,"43.361221,23.116411",37000,522,122
1673177405,2023-01-08T11:30:05Z,SIA23,"43.277756,23.293444",37000,522,122
1673177466,2023-01-08T11:31:06Z,SIA23,"43.197964,23.461565",37000,520,123
1673177529,2023-01-08T11:32:09Z,SIA23,"43.114975,23.635551",37000,520,123
1673177590,2023-01-08T11:33:10Z,SIA23,"43.03545,23.801357",37350,518,123
1673177652,2023-01-08T11:34:12Z,SIA23,"42.953476,23.971146",37975,518,123
1673177710,2023-01-08T11:35:10Z,SIA23,"42.877029,24.128723",38450,518,123
1673177775,2023-01-08T11:36:15Z,SIA23,"42.799759,24.312057",38950,518,117
1673177838,2023-01-08T11:37:18Z,SIA23,"42.72839,24.491528",39000,518,118
1673177898,2023-01-08T11:38:18Z,SIA23,"42.659821,24.663246",39000,517,118
1673177962,2023-01-08T11:39:22Z,SIA23,"42.586918,24.844624",39000,513,118
1673178025,2023-01-08T11:40:25Z,SIA23,"42.514801,25.023172",39000,511,118
1673178085,2023-01-08T11:41:25Z,SIA23,"42.446331,25.191587",39000,510,118
1673178148,2023-01-08T11:42:28Z,SIA23,"42.374908,25.366182",39000,510,119
1673178208,2023-01-08T11:43:28Z,SIA23,"42.307388,25.530416",39000,510,119
1673178272,2023-01-08T11:44:32Z,SIA23,"42.233585,25.70871",39000,508,119
1673178335,2023-01-08T11:45:35Z,SIA23,"42.161179,25.882603",39000,508,119
1673178398,2023-01-08T11:46:38Z,SIA23,"42.088715,26.055738",39000,509,119
1673178461,2023-01-08T11:47:41Z,SIA23,"42.015244,26.230232",39000,511,119
1673178522,2023-01-08T11:48:42Z,SIA23,"41.94445,26.397272",39000,512,119
1673178585,2023-01-08T11:49:45Z,SIA23,"41.870247,26.571457",39000,512,119
1673178647,2023-01-08T11:50:47Z,SIA23,"41.8022,26.743469",39000,510,117
1673178710,2023-01-08T11:51:50Z,SIA23,"41.733707,26.917589",39000,509,117
1673178773,2023-01-08T11:52:53Z,SIA23,"41.666153,27.087166",39000,511,117
1673178835,2023-01-08T11:53:55Z,SIA23,"41.594284,27.266533",39000,510,118
1673178897,2023-01-08T11:54:57Z,SIA23,"41.523972,27.440788",39000,512,118
1673178960,2023-01-08T11:56:00Z,SIA23,"41.454117,27.613136",39000,514,118
1673179021,2023-01-08T11:57:01Z,SIA23,"41.38615,27.779554",39000,518,118
1673179081,2023-01-08T11:58:01Z,SIA23,"41.315205,27.952589",39000,519,118
1673179145,2023-01-08T11:59:05Z,SIA23,"41.242119,28.12962",39000,518,118
1673179206,2023-01-08T12:00:06Z,SIA23,"41.171585,28.299438",39000,517,118
1673179269,2023-01-08T12:01:09Z,SIA23,"41.10004,28.47188",39000,518,118
1673179332,2023-01-08T12:02:12Z,SIA23,"41.029934,28.650908",39000,516,113
1673179395,2023-01-08T12:03:15Z,SIA23,"40.985184,28.835205",39000,510,102
1673179457,2023-01-08T12:04:17Z,SIA23,"40.967972,29.027893",39000,502,91
1673179518,2023-01-08T12:05:18Z,SIA23,"40.971836,29.21583",39000,500,88
1673179581,2023-01-08T12:06:21Z,SIA23,"40.975746,29.406967",39000,502,88
1673179644,2023-01-08T12:07:24Z,SIA23,"40.96946,29.603224",39000,509,98
1673179704,2023-01-08T12:08:24Z,SIA23,"40.935616,29.783373",39000,513,109
1673179768,2023-01-08T12:09:28Z,SIA23,"40.877289,29.966707",39000,513,113
1673179831,2023-01-08T12:10:31Z,SIA23,"40.818165,30.148357",39000,514,113
1673179895,2023-01-08T12:11:35Z,SIA23,"40.756989,30.333862",39000,514,113
1673179958,2023-01-08T12:12:38Z,SIA23,"40.697342,30.51355",39000,516,113
1673180018,2023-01-08T12:13:38Z,SIA23,"40.6395,30.685064",39000,517,115
1673180081,2023-01-08T12:14:41Z,SIA23,"40.561935,30.852783",39000,517,122
1673180145,2023-01-08T12:15:45Z,SIA23,"40.479172,31.022461",39000,518,122
1673180208,2023-01-08T12:16:48Z,SIA23,"40.403229,31.19519",39000,518,114
1673180269,2023-01-08T12:17:49Z,SIA23,"40.357533,31.372147",39000,515,100
1673180278,2023-01-08T12:17:58Z,SIA23,"40.353992,31.400612",39000,513,96
1673180281,2023-01-08T12:18:01Z,SIA23,"40.353287,31.408508",39000,513,96
1673180283,2023-01-08T12:18:03Z,SIA23,"40.3526,31.416931",39000,513,95
1673180287,2023-01-08T12:18:07Z,SIA23,"40.351994,31.425581",39000,514,95
1673180348,2023-01-08T12:19:08Z,SIA23,"40.33691,31.616842",39000,512,96
1673180409,2023-01-08T12:20:09Z,SIA23,"40.321381,31.806946",39000,513,96
1673180472,2023-01-08T12:21:12Z,SIA23,"40.305485,32.000866",39000,516,96
1673180535,2023-01-08T12:22:15Z,SIA23,"40.288868,32.196869",39000,516,96
1673180598,2023-01-08T12:23:18Z,SIA23,"40.271988,32.392456",39000,515,96
1673180658,2023-01-08T12:24:18Z,SIA23,"40.255692,32.578796",39000,518,96
1673180722,2023-01-08T12:25:22Z,SIA23,"40.237976,32.775757",39000,521,96
1673180785,2023-01-08T12:26:25Z,SIA23,"40.220078,32.971558",39000,521,96
1673180848,2023-01-08T12:27:28Z,SIA23,"40.201767,33.168823",39000,521,97
1673180911,2023-01-08T12:28:31Z,SIA23,"40.18277,33.368774",39000,524,97
1673180971,2023-01-08T12:29:31Z,SIA23,"40.164825,33.556641",39000,525,97
1673181035,2023-01-08T12:30:35Z,SIA23,"40.145096,33.755188",39000,525,97
1673181096,2023-01-08T12:31:36Z,SIA23,"40.125793,33.948067",39000,526,97
1673181157,2023-01-08T12:32:37Z,SIA23,"40.106598,34.136292",39000,529,97
1673181220,2023-01-08T12:33:40Z,SIA23,"40.085854,34.33733",39000,534,97
1673181283,2023-01-08T12:34:43Z,SIA23,"40.064346,34.541576",39000,535,97
1673181343,2023-01-08T12:35:43Z,SIA23,"40.043724,34.734211",39000,536,97
1673181407,2023-01-08T12:36:47Z,SIA23,"40.021751,34.935898",39000,535,98
1673181470,2023-01-08T12:37:50Z,SIA23,"39.999546,35.136585",39000,534,98
1673181533,2023-01-08T12:38:53Z,SIA23,"39.976734,35.338898",39000,536,98
1673181596,2023-01-08T12:39:56Z,SIA23,"39.953876,35.539959",39000,536,98
1673181660,2023-01-08T12:41:00Z,SIA23,"39.930321,35.741898",39000,536,98
1673181721,2023-01-08T12:42:01Z,SIA23,"39.90728,35.937561",39000,536,98
1673181784,2023-01-08T12:43:04Z,SIA23,"39.883209,36.138809",39000,536,98
1673181847,2023-01-08T12:44:07Z,SIA23,"39.859051,36.337402",39000,536,99
1673181910,2023-01-08T12:45:10Z,SIA23,"39.834732,36.534557",39025,536,99
1673182269,2023-01-08T12:51:09Z,SIA23,"39.851883,37.681702",39000,532,84
1673182329,2023-01-08T12:52:09Z,SIA23,"39.866127,37.873596",39000,533,84
1673182393,2023-01-08T12:53:13Z,SIA23,"39.880882,38.075745",39000,536,84
1673182456,2023-01-08T12:54:16Z,SIA23,"39.895596,38.279724",39000,538,84
1673182516,2023-01-08T12:55:16Z,SIA23,"39.909092,38.472473",39000,539,84
1673182580,2023-01-08T12:56:20Z,SIA23,"39.922966,38.675247",39000,538,84
1673182641,2023-01-08T12:57:21Z,SIA23,"39.936047,38.872814",39000,536,85
1673182704,2023-01-08T12:58:24Z,SIA23,"39.939957,39.079304",39000,542,88
1673182764,2023-01-08T12:59:24Z,SIA23,"39.943222,39.276367",39000,545,88
1673182828,2023-01-08T13:00:28Z,SIA23,"39.946198,39.482555",39000,543,89
1673182888,2023-01-08T13:01:28Z,SIA23,"39.948616,39.679745",39000,542,89
1673182952,2023-01-08T13:02:32Z,SIA23,"39.950958,39.886047",39000,543,89
1673183013,2023-01-08T13:03:33Z,SIA23,"39.952805,40.086864",39000,544,89
1673183074,2023-01-08T13:04:34Z,SIA23,"39.95425,40.287739",39000,546,89
1673183136,2023-01-08T13:05:36Z,SIA23,"39.955353,40.491638",39000,546,89
1673183200,2023-01-08T13:06:40Z,SIA23,"39.956066,40.698727",39000,544,89
1673183260,2023-01-08T13:07:40Z,SIA23,"39.958115,40.900974",39000,548,89
1673183321,2023-01-08T13:08:41Z,SIA23,"39.956623,41.099792",39000,549,90
1673183382,2023-01-08T13:09:42Z,SIA23,"39.941448,41.301167",39000,550,101
1673183444,2023-01-08T13:10:44Z,SIA23,"39.908627,41.498901",39000,550,101
1673183505,2023-01-08T13:11:45Z,SIA23,"39.876274,41.69574",39000,551,102
1673183566,2023-01-08T13:12:46Z,SIA23,"39.843082,41.893799",39000,552,102
1673183629,2023-01-08T13:13:49Z,SIA23,"39.808586,42.096741",39000,553,102
1673183692,2023-01-08T13:14:52Z,SIA23,"39.772881,42.304749",39000,555,102
1673183753,2023-01-08T13:15:53Z,SIA23,"39.739223,42.498413",39000,555,102
1673183816,2023-01-08T13:16:56Z,SIA23,"39.703335,42.703125",39000,556,102
1673183879,2023-01-08T13:17:59Z,SIA23,"39.666641,42.909733",39000,557,103
1673183940,2023-01-08T13:19:00Z,SIA23,"39.622749,43.105042",39025,556,111
1673184001,2023-01-08T13:20:01Z,SIA23,"39.565865,43.29303",39025,555,111
1673184062,2023-01-08T13:21:02Z,SIA23,"39.509815,43.478455",39000,555,111
1673184125,2023-01-08T13:22:05Z,SIA23,"39.44939,43.676758",39000,549,111
1673184188,2023-01-08T13:23:08Z,SIA23,"39.391804,43.86499",39000,548,111
1673184250,2023-01-08T13:24:10Z,SIA23,"39.333939,44.052368",39025,549,111
1673184313,2023-01-08T13:25:13Z,SIA23,"39.272259,44.242249",39025,548,113
1673184374,2023-01-08T13:26:14Z,SIA23,"39.210484,44.426331",39000,549,113
1673184435,2023-01-08T13:27:15Z,SIA23,"39.147949,44.613388",39000,548,113
1673184498,2023-01-08T13:28:18Z,SIA23,"39.085236,44.800217",39000,550,113
1673184560,2023-01-08T13:29:20Z,SIA23,"39.022831,44.986389",39000,546,114
1673184623,2023-01-08T13:30:23Z,SIA23,"38.958069,45.172199",39000,547,113
1673184684,2023-01-08T13:31:24Z,SIA23,"38.896351,45.351501",39000,549,113
1673184747,2023-01-08T13:32:27Z,SIA23,"38.829826,45.541992",39000,551,114
1673184808,2023-01-08T13:33:28Z,SIA23,"38.766888,45.721619",39000,550,114
1673184871,2023-01-08T13:34:31Z,SIA23,"38.700943,45.910252",39025,547,113
1673184932,2023-01-08T13:35:32Z,SIA23,"38.639336,46.087463",39025,544,114
1673184994,2023-01-08T13:36:34Z,SIA23,"38.574905,46.271301",39000,548,114
1673185056,2023-01-08T13:37:36Z,SIA23,"38.510605,46.45348",39000,544,114
1673185118,2023-01-08T13:38:38Z,SIA23,"38.446281,46.634399",39000,542,114
1673185181,2023-01-08T13:39:41Z,SIA23,"38.379387,46.815609",39025,543,115
1673185244,2023-01-08T13:40:44Z,SIA23,"38.311749,46.999512",39000,544,114
1673185305,2023-01-08T13:41:45Z,SIA23,"38.24881,47.174767",39000,548,114
1673185368,2023-01-08T13:42:48Z,SIA23,"38.181213,47.360447",39025,546,114
1673185432,2023-01-08T13:43:52Z,SIA23,"38.112362,47.548351",39000,546,114
1673185492,2023-01-08T13:44:52Z,SIA23,"38.048401,47.722038",39000,546,115
1673185555,2023-01-08T13:45:55Z,SIA23,"37.982117,47.900623",39000,544,115
1673185616,2023-01-08T13:46:56Z,SIA23,"37.915558,48.079212",39000,546,115
1673185679,2023-01-08T13:47:59Z,SIA23,"37.847294,48.261208",39000,544,115
1673185742,2023-01-08T13:49:02Z,SIA23,"37.780106,48.439247",39025,539,115
1673185805,2023-01-08T13:50:05Z,SIA23,"37.711533,48.61982",39000,544,115
1673185866,2023-01-08T13:51:06Z,SIA23,"37.645493,48.792732",39000,545,115
1673185929,2023-01-08T13:52:09Z,SIA23,"37.576584,48.972374",39025,542,115
1673185991,2023-01-08T13:53:11Z,SIA23,"37.508148,49.149502",39000,542,115
1673186053,2023-01-08T13:54:13Z,SIA23,"37.441082,49.322346",39000,538,115
1673186116,2023-01-08T13:55:16Z,SIA23,"37.371323,49.500832",39000,542,116
1673186177,2023-01-08T13:56:17Z,SIA23,"37.304031,49.67223",39000,544,116
1673186240,2023-01-08T13:57:20Z,SIA23,"37.234295,49.850166",39000,544,116
1673186303,2023-01-08T13:58:23Z,SIA23,"37.163769,50.028931",39000,544,116
1673186364,2023-01-08T13:59:24Z,SIA23,"37.096455,50.198563",39000,544,116
1673186427,2023-01-08T14:00:27Z,SIA23,"37.024338,50.378918",39000,548,116
1673186490,2023-01-08T14:01:30Z,SIA23,"36.952194,50.559082",39000,551,116
1673186553,2023-01-08T14:02:33Z,SIA23,"36.884857,50.739655",39025,553,110
1673186616,2023-01-08T14:03:36Z,SIA23,"36.827408,50.928326",39000,554,111
1673186678,2023-01-08T14:04:38Z,SIA23,"36.770588,51.111671",39000,552,110
1673186740,2023-01-08T14:05:40Z,SIA23,"36.714725,51.295048",39000,550,110
1673186802,2023-01-08T14:06:42Z,SIA23,"36.657932,51.479713",39000,548,110
1673186864,2023-01-08T14:07:44Z,SIA23,"36.601181,51.661377",39000,550,111
1673186924,2023-01-08T14:08:44Z,SIA23,"36.5457,51.837616",39000,553,111
1673186988,2023-01-08T14:09:48Z,SIA23,"36.486649,52.024326",39000,552,111
1673187051,2023-01-08T14:10:51Z,SIA23,"36.42638,52.213402",39000,549,111
1673187113,2023-01-08T14:11:53Z,SIA23,"36.36903,52.392395",39000,552,111
1673187175,2023-01-08T14:12:55Z,SIA23,"36.309956,52.575542",39000,553,111
1673187237,2023-01-08T14:13:57Z,SIA23,"36.250832,52.757927",39025,551,111
1673187299,2023-01-08T14:14:59Z,SIA23,"36.191711,52.939201",39000,548,111
1673187361,2023-01-08T14:16:01Z,SIA23,"36.129227,53.114033",39000,541,115
1673187423,2023-01-08T14:17:03Z,SIA23,"36.061707,53.288555",39000,544,115
1673187486,2023-01-08T14:18:06Z,SIA23,"35.99284,53.465782",39000,546,115
1673187546,2023-01-08T14:19:06Z,SIA23,"35.927528,53.632915",39000,549,115
1673187608,2023-01-08T14:20:08Z,SIA23,"35.858864,53.807762",39000,547,115
1673187681,2023-01-08T14:21:21Z,SIA23,"35.778168,54.011936",39000,550,116
1673187744,2023-01-08T14:22:24Z,SIA23,"35.707855,54.188747",39000,550,116
1673187809,2023-01-08T14:23:29Z,SIA23,"35.634666,54.372215",39000,552,116
1673187870,2023-01-08T14:24:30Z,SIA23,"35.559532,54.538177",39000,543,124
1673187940,2023-01-08T14:25:40Z,SIA23,"35.445602,54.702415",39000,536,136
1673188003,2023-01-08T14:26:43Z,SIA23,"35.326904,54.824295",39000,532,140
1673188079,2023-01-08T14:27:59Z,SIA23,"35.182739,54.967861",39000,531,140
1673188141,2023-01-08T14:29:01Z,SIA23,"35.063599,55.085392",39025,528,140
1673188203,2023-01-08T14:30:03Z,SIA23,"34.946228,55.200806",39000,529,141
1673188264,2023-01-08T14:31:04Z,SIA23,"34.829956,55.314762",39000,526,141
1673188332,2023-01-08T14:32:12Z,SIA23,"34.699585,55.442112",39000,530,141
1673188396,2023-01-08T14:33:16Z,SIA23,"34.57782,55.560719",39000,529,141
1673188457,2023-01-08T14:34:17Z,SIA23,"34.460621,55.674305",39000,527,141
1673188791,2023-01-08T14:39:51Z,SIA23,"33.825439,56.282959",39025,529,141
1673189312,2023-01-08T14:48:32Z,SIA23,"32.828476,57.25069",39000,536,139
1673189343,2023-01-08T14:49:03Z,SIA23,"32.770157,57.309357",39000,536,139
1673189482,2023-01-08T14:51:22Z,SIA23,"32.505844,57.573685",39000,539,139
1673189524,2023-01-08T14:52:04Z,SIA23,"32.424706,57.65451",39000,541,139
1673189615,2023-01-08T14:53:35Z,SIA23,"32.251373,57.826317",39000,538,139
1673189678,2023-01-08T14:54:38Z,SIA23,"32.131027,57.944969",39000,541,140
1673189738,2023-01-08T14:55:38Z,SIA23,"32.014904,58.059269",39000,538,140
1673189760,2023-01-08T14:56:00Z,SIA23,"31.973328,58.099934",39000,536,140
1673189852,2023-01-08T14:57:32Z,SIA23,"31.796951,58.272308",39000,535,140
1673189915,2023-01-08T14:58:35Z,SIA23,"31.67926,58.386787",39000,535,140
1673189986,2023-01-08T14:59:46Z,SIA23,"31.54105,58.520821",39000,537,140
1673190048,2023-01-08T15:00:48Z,SIA23,"31.422249,58.635628",39025,534,140
1673190112,2023-01-08T15:01:52Z,SIA23,"31.301678,58.751698",39000,532,140
1673190175,2023-01-08T15:02:55Z,SIA23,"31.180298,58.868137",39000,532,140
1673190240,2023-01-08T15:04:00Z,SIA23,"31.058029,58.985058",39000,532,140
1673190301,2023-01-08T15:05:01Z,SIA23,"30.940386,59.097107",39000,530,140
1673190363,2023-01-08T15:06:03Z,SIA23,"30.824144,59.207466",39000,530,140
1673190423,2023-01-08T15:07:03Z,SIA23,"30.707886,59.317501",39000,533,140
1673190487,2023-01-08T15:08:07Z,SIA23,"30.586807,59.431889",39000,531,140
1673190550,2023-01-08T15:09:10Z,SIA23,"30.466764,59.544579",39000,533,140
1673190616,2023-01-08T15:10:16Z,SIA23,"30.339443,59.663948",39000,536,140
1673190679,2023-01-08T15:11:19Z,SIA23,"30.217756,59.777657",39000,539,140
1673190741,2023-01-08T15:12:21Z,SIA23,"30.103912,59.90123",39025,554,131
1673190804,2023-01-08T15:13:24Z,SIA23,"30.006042,60.052238",39000,560,124
1673190868,2023-01-08T15:14:28Z,SIA23,"29.911396,60.207497",39000,561,125
1673190930,2023-01-08T15:15:30Z,SIA23,"29.819221,60.359047",39000,560,124
1673190992,2023-01-08T15:16:32Z,SIA23,"29.726303,60.511189",39025,560,124
1673191054,2023-01-08T15:17:34Z,SIA23,"29.633286,60.663071",39000,562,125
1673191117,2023-01-08T15:18:37Z,SIA23,"29.545355,60.822144",39000,573,117
1673191179,2023-01-08T15:19:39Z,SIA23,"29.481308,60.99789",39000,581,107
1673191242,2023-01-08T15:20:42Z,SIA23,"29.443127,61.18803",39000,590,99
1673191301,2023-01-08T15:21:41Z,SIA23,"29.421154,61.369198",39000,593,94
1673191367,2023-01-08T15:22:47Z,SIA23,"29.404116,61.574005",39000,588,95
1673191428,2023-01-08T15:23:48Z,SIA23,"29.387833,61.764133",39000,589,95
1673191491,2023-01-08T15:24:51Z,SIA23,"29.370895,61.960197",39000,591,95
1673191555,2023-01-08T15:25:55Z,SIA23,"29.353327,62.160538",39000,592,95
1673191619,2023-01-08T15:26:59Z,SIA23,"29.33559,62.358238",39000,592,95
1673191681,2023-01-08T15:28:01Z,SIA23,"29.317902,62.552814",39000,594,95
1673191745,2023-01-08T15:29:05Z,SIA23,"29.299326,62.753582",39000,593,95
1673191807,2023-01-08T15:30:07Z,SIA23,"29.281172,62.946758",39000,593,96
1673191876,2023-01-08T15:31:16Z,SIA23,"29.260641,63.161587",39000,593,96
1673191937,2023-01-08T15:32:17Z,SIA23,"29.242254,63.350937",39000,592,96
1673192000,2023-01-08T15:33:20Z,SIA23,"29.222992,63.545715",39525,591,96
1673192061,2023-01-08T15:34:21Z,SIA23,"29.204081,63.735458",40150,588,96
1673192122,2023-01-08T15:35:22Z,SIA23,"29.184769,63.925377",40425,594,96
1673192184,2023-01-08T15:36:24Z,SIA23,"29.164885,64.118469",41000,590,96
1673192246,2023-01-08T15:37:26Z,SIA23,"29.14476,64.310898",41000,590,96
1673192289,2023-01-08T15:38:09Z,SIA23,"29.132629,64.441788",41000,591,93
1673192306,2023-01-08T15:38:26Z,SIA23,"29.130854,64.497391",41000,591,91
1673192394,2023-01-08T15:39:54Z,SIA23,"29.122284,64.769424",41000,588,92
1673192455,2023-01-08T15:40:55Z,SIA23,"29.115818,64.959572",41000,588,92
1673192463,2023-01-08T15:41:03Z,SIA23,"29.114981,64.984398",41000,588,92
1673192470,2023-01-08T15:41:10Z,SIA23,"29.114227,65.005997",41000,588,92
1673192482,2023-01-08T15:41:22Z,SIA23,"29.112991,65.041443",41000,588,92
1673192935,2023-01-08T15:48:55Z,SIA23,"29.042358,66.432549",41000,577,93
1673192998,2023-01-08T15:49:58Z,SIA23,"29.031139,66.626045",41000,581,93
1673193059,2023-01-08T15:50:59Z,SIA23,"29.02397,66.813675",41025,584,92
1673193120,2023-01-08T15:52:00Z,SIA23,"29.016056,67.000389",41000,584,92
1673193184,2023-01-08T15:53:04Z,SIA23,"29.007305,67.198845",41025,585,92
1673193247,2023-01-08T15:54:07Z,SIA23,"28.998507,67.390945",41025,583,93
1673193308,2023-01-08T15:55:08Z,SIA23,"28.989716,67.577751",41000,582,93
1673193371,2023-01-08T15:56:11Z,SIA23,"28.980165,67.774498",41000,583,93
1673193432,2023-01-08T15:57:12Z,SIA23,"28.970856,67.960472",41000,583,93
1673193493,2023-01-08T15:58:13Z,SIA23,"28.961311,68.146362",41025,582,93
1673193556,2023-01-08T15:59:16Z,SIA23,"28.951023,68.34137",41000,582,93
1673193617,2023-01-08T16:00:17Z,SIA23,"28.940922,68.525444",41000,576,94
1673193678,2023-01-08T16:01:18Z,SIA23,"28.912897,68.707741",41000,572,105
1673193741,2023-01-08T16:02:21Z,SIA23,"28.857239,68.885017",41000,564,111
1673193802,2023-01-08T16:03:22Z,SIA23,"28.799057,69.053085",41025,563,111
1673193863,2023-01-08T16:04:23Z,SIA23,"28.740463,69.22068",41000,566,111
1673193926,2023-01-08T16:05:26Z,SIA23,"28.678482,69.396881",41000,566,111
1673193987,2023-01-08T16:06:27Z,SIA23,"28.619198,69.564461",41000,565,111
1673194050,2023-01-08T16:07:30Z,SIA23,"28.557564,69.737869",41000,563,111
1673194113,2023-01-08T16:08:33Z,SIA23,"28.495834,69.910851",41000,565,112
1673194174,2023-01-08T16:09:34Z,SIA23,"28.435684,70.078568",41000,565,112
1673194236,2023-01-08T16:10:36Z,SIA23,"28.374334,70.24884",41000,564,112
1673194299,2023-01-08T16:11:39Z,SIA23,"28.304535,70.41655",41000,559,115
1673194360,2023-01-08T16:12:40Z,SIA23,"28.236864,70.575851",41000,556,115
1673194421,2023-01-08T16:13:41Z,SIA23,"28.168579,70.735474",41000,554,115
1673194482,2023-01-08T16:14:42Z,SIA23,"28.100052,70.895042",41025,555,115
1673194545,2023-01-08T16:15:45Z,SIA23,"28.028412,71.061157",41025,557,115
1673194606,2023-01-08T16:16:46Z,SIA23,"27.959368,71.220757",41000,557,116
1673194667,2023-01-08T16:17:47Z,SIA23,"27.89035,71.379471",41000,559,116
1673194728,2023-01-08T16:18:48Z,SIA23,"27.819477,71.537476",41000,557,117
1673194792,2023-01-08T16:19:52Z,SIA23,"27.743637,71.700302",41000,555,117
1673194855,2023-01-08T16:20:55Z,SIA23,"27.668276,71.863159",41000,555,117
1673194917,2023-01-08T16:21:57Z,SIA23,"27.594086,72.022789",41000,556,117
1673194979,2023-01-08T16:22:59Z,SIA23,"27.521622,72.178055",41000,554,117
1673195041,2023-01-08T16:24:01Z,SIA23,"27.447556,72.336212",41000,552,117
1673195102,2023-01-08T16:25:02Z,SIA23,"27.373398,72.493958",41000,553,117
1673195166,2023-01-08T16:26:06Z,SIA23,"27.297363,72.655128",41000,554,117
1673195227,2023-01-08T16:27:07Z,SIA23,"27.22403,72.809975",41000,553,117
1673195288,2023-01-08T16:28:08Z,SIA23,"27.150192,72.965233",41000,555,117
1673195350,2023-01-08T16:29:10Z,SIA23,"27.074661,73.12355",41000,554,117
1673195411,2023-01-08T16:30:11Z,SIA23,"27.000916,73.277458",41000,552,118
1673195472,2023-01-08T16:31:12Z,SIA23,"26.927862,73.429184",41000,552,118
1673195536,2023-01-08T16:32:16Z,SIA23,"26.849562,73.588486",41000,550,118
1673195599,2023-01-08T16:33:19Z,SIA23,"26.771484,73.747437",41000,551,118
1673195662,2023-01-08T16:34:22Z,SIA23,"26.693024,73.906479",41000,554,118
1673195726,2023-01-08T16:35:26Z,SIA23,"26.614286,74.065651",41000,554,118
1673195788,2023-01-08T16:36:28Z,SIA23,"26.536823,74.221626",41000,554,118
1673195848,2023-01-08T16:37:28Z,SIA23,"26.462992,74.373001",41000,555,118
1673195909,2023-01-08T16:38:29Z,SIA23,"26.387604,74.526634",41000,557,118
1673195970,2023-01-08T16:39:30Z,SIA23,"26.312439,74.6791",41000,559,118
1673196034,2023-01-08T16:40:34Z,SIA23,"26.233383,74.83902",41000,558,118
1673196095,2023-01-08T16:41:35Z,SIA23,"26.15538,74.990448",41000,553,123
1673196158,2023-01-08T16:42:38Z,SIA23,"26.065384,75.13752",41000,551,123
1673196219,2023-01-08T16:43:39Z,SIA23,"25.976753,75.28334",41000,550,123
1673196282,2023-01-08T16:44:42Z,SIA23,"25.888916,75.427048",41000,548,124
1673196343,2023-01-08T16:45:43Z,SIA23,"25.796082,75.566353",41000,538,127
1673196406,2023-01-08T16:46:46Z,SIA23,"25.702652,75.701851",41000,533,126
1673196467,2023-01-08T16:47:47Z,SIA23,"25.611784,75.834785",41000,532,126
1673196528,2023-01-08T16:48:48Z,SIA23,"25.520187,75.968422",41000,528,127
1673196592,2023-01-08T16:49:52Z,SIA23,"25.426712,76.104332",41000,525,127
1673196655,2023-01-08T16:50:55Z,SIA23,"25.333328,76.239777",41000,528,127
1673196719,2023-01-08T16:51:59Z,SIA23,"25.238714,76.376587",41000,533,127
1673196780,2023-01-08T16:53:00Z,SIA23,"25.147146,76.508583",41000,533,127
1673196843,2023-01-08T16:54:03Z,SIA23,"25.052628,76.644493",41000,532,127
1673196905,2023-01-08T16:55:05Z,SIA23,"24.954699,76.772667",41000,528,134
1673196966,2023-01-08T16:56:06Z,SIA23,"24.85182,76.891289",41000,528,133
1673197027,2023-01-08T16:57:07Z,SIA23,"24.748846,77.010223",41000,529,133
1673197090,2023-01-08T16:58:10Z,SIA23,"24.646454,77.12809",41025,518,133
1673197151,2023-01-08T16:59:11Z,SIA23,"24.5422,77.247673",41000,523,133
1673197213,2023-01-08T17:00:13Z,SIA23,"24.438482,77.366447",41000,524,133
1673197273,2023-01-08T17:01:13Z,SIA23,"24.337234,77.482147",41000,521,133
1673197336,2023-01-08T17:02:16Z,SIA23,"24.233465,77.600372",41000,519,133
1673197399,2023-01-08T17:03:19Z,SIA23,"24.127653,77.720604",41000,521,133
1673197462,2023-01-08T17:04:22Z,SIA23,"24.023438,77.838745",41000,520,133
1673197523,2023-01-08T17:05:23Z,SIA23,"23.920635,77.954941",41000,516,133
1673197586,2023-01-08T17:06:26Z,SIA23,"23.814915,78.074188",41000,515,134
1673197647,2023-01-08T17:07:27Z,SIA23,"23.713806,78.18792",41000,516,134
1673197708,2023-01-08T17:08:28Z,SIA23,"23.613111,78.300911",41000,514,134
1673197771,2023-01-08T17:09:31Z,SIA23,"23.50753,78.419189",41000,514,134
1673197833,2023-01-08T17:10:33Z,SIA23,"23.406601,78.531975",41000,514,134
1673197896,2023-01-08T17:11:36Z,SIA23,"23.300745,78.649956",41000,512,134
1673197957,2023-01-08T17:12:37Z,SIA23,"23.200836,78.760933",41025,511,134
1673198020,2023-01-08T17:13:40Z,SIA23,"23.093674,78.874596",41000,506,135
1673198084,2023-01-08T17:14:44Z,SIA23,"22.987747,78.987053",41000,506,135
1673198146,2023-01-08T17:15:46Z,SIA23,"22.882753,79.098511",41000,510,135
1673198207,2023-01-08T17:16:47Z,SIA23,"22.778568,79.208832",41000,512,135
1673198268,2023-01-08T17:17:48Z,SIA23,"22.675186,79.318092",41000,511,135
1673198329,2023-01-08T17:18:49Z,SIA23,"22.573105,79.425713",41000,509,135
1673198390,2023-01-08T17:19:50Z,SIA23,"22.471138,79.537354",41000,508,133
1673198452,2023-01-08T17:20:52Z,SIA23,"22.369583,79.649582",41000,508,134
1673198513,2023-01-08T17:21:53Z,SIA23,"22.268692,79.760292",41000,509,134
1673198575,2023-01-08T17:22:55Z,SIA23,"22.165615,79.873199",41000,511,134
1673198636,2023-01-08T17:23:56Z,SIA23,"22.064758,79.983414",41000,510,134
1673198698,2023-01-08T17:24:58Z,SIA23,"21.962694,80.094704",41000,511,134
1673198761,2023-01-08T17:26:01Z,SIA23,"21.85643,80.210335",41000,511,134
1673198822,2023-01-08T17:27:02Z,SIA23,"21.755768,80.31955",41000,514,134
1673198883,2023-01-08T17:28:03Z,SIA23,"21.652817,80.431206",41000,514,134
1673198944,2023-01-08T17:29:04Z,SIA23,"21.550186,80.542068",41000,510,134
1673199005,2023-01-08T17:30:05Z,SIA23,"21.449083,80.651855",41000,510,133
1673199067,2023-01-08T17:31:07Z,SIA23,"21.3503,80.762688",41000,506,133
1673199130,2023-01-08T17:32:10Z,SIA23,"21.248257,80.878395",41000,506,133
1673199191,2023-01-08T17:33:11Z,SIA23,"21.148773,80.990562",41000,509,133
1673199252,2023-01-08T17:34:12Z,SIA23,"21.048735,81.103111",41000,510,133
1673199314,2023-01-08T17:35:14Z,SIA23,"20.948414,81.215782",41000,509,133
1673199376,2023-01-08T17:36:16Z,SIA23,"20.848093,81.328194",41000,506,133
1673199438,2023-01-08T17:37:18Z,SIA23,"20.747726,81.440399",41000,501,133
1673199500,2023-01-08T17:38:20Z,SIA23,"20.648758,81.550873",41000,498,133
1673199561,2023-01-08T17:39:21Z,SIA23,"20.551044,81.659676",41000,496,133
1673199624,2023-01-08T17:40:24Z,SIA23,"20.451828,81.769966",41000,498,133
1673199685,2023-01-08T17:41:25Z,SIA23,"20.353958,81.878456",41000,497,133
1673199747,2023-01-08T17:42:27Z,SIA23,"20.256695,81.986221",41000,492,133
1673199808,2023-01-08T17:43:28Z,SIA23,"20.158329,82.094887",41000,492,133
1673199870,2023-01-08T17:44:30Z,SIA23,"20.060532,82.202698",41000,490,133
1673199931,2023-01-08T17:45:31Z,SIA23,"19.965183,82.307671",41000,490,133
1673199992,2023-01-08T17:46:32Z,SIA23,"19.869427,82.412842",41000,490,133
1673200053,2023-01-08T17:47:33Z,SIA23,"19.772415,82.519241",41025,492,133
1673200114,2023-01-08T17:48:34Z,SIA23,"19.676285,82.624397",41000,489,133
1673200176,2023-01-08T17:49:36Z,SIA23,"19.57782,82.732002",41000,487,134
1673200238,2023-01-08T17:50:38Z,SIA23,"19.48114,82.837456",41000,486,134
1673200301,2023-01-08T17:51:41Z,SIA23,"19.383886,82.943283",41000,485,134
1673200362,2023-01-08T17:52:42Z,SIA23,"19.28701,83.0485",41000,486,134
1673200423,2023-01-08T17:53:43Z,SIA23,"19.191971,83.151596",41000,485,134
1673200484,2023-01-08T17:54:44Z,SIA23,"19.096481,83.254982",41000,484,134
1673200545,2023-01-08T17:55:45Z,SIA23,"19.000435,83.358765",41000,484,134
1673200606,2023-01-08T17:56:46Z,SIA23,"18.904953,83.461807",41000,482,134
1673200667,2023-01-08T17:57:47Z,SIA23,"18.80892,83.565254",41000,483,134
1673200729,2023-01-08T17:58:49Z,SIA23,"18.712696,83.668678",41000,483,134
1673200790,2023-01-08T17:59:50Z,SIA23,"18.616146,83.772301",41000,482,134
1673200851,2023-01-08T18:00:51Z,SIA23,"18.52039,83.874825",41000,482,134
1673200912,2023-01-08T18:01:52Z,SIA23,"18.42384,83.978096",41000,484,134
1673200973,2023-01-08T18:02:53Z,SIA23,"18.327755,84.080719",41000,485,134
1673201035,2023-01-08T18:03:55Z,SIA23,"18.230461,84.184441",41000,486,134
1673201096,2023-01-08T18:04:56Z,SIA23,"18.133726,84.287354",41000,485,134
1673201157,2023-01-08T18:05:57Z,SIA23,"18.037994,84.389122",41000,482,134
1673201218,2023-01-08T18:06:58Z,SIA23,"17.942816,84.490013",41000,480,134
1673201279,2023-01-08T18:07:59Z,SIA23,"17.847244,84.591095",41025,482,134
1673201341,2023-01-08T18:09:01Z,SIA23,"17.750694,84.69326",41000,482,134
1673201403,2023-01-08T18:10:03Z,SIA23,"17.652466,84.796913",41000,481,134
1673201465,2023-01-08T18:11:05Z,SIA23,"17.555222,84.899399",41000,478,134
1673201527,2023-01-08T18:12:07Z,SIA23,"17.458282,85.001366",41000,480,134
1673201588,2023-01-08T18:13:08Z,SIA23,"17.36293,85.10154",41000,478,134
1673201649,2023-01-08T18:14:09Z,SIA23,"17.266754,85.202393",41000,478,134
1673201710,2023-01-08T18:15:10Z,SIA23,"17.170328,85.303299",41000,480,134
1673201771,2023-01-08T18:16:11Z,SIA23,"17.07811,85.407425",41000,485,131
1673201832,2023-01-08T18:17:12Z,SIA23,"16.985374,85.513847",41000,486,132
1673201896,2023-01-08T18:18:16Z,SIA23,"16.888596,85.62368",41000,485,132
1673201957,2023-01-08T18:19:17Z,SIA23,"16.796356,85.72834",41000,484,132
1673202018,2023-01-08T18:20:18Z,SIA23,"16.703966,85.832893",41000,481,132
1673202079,2023-01-08T18:21:19Z,SIA23,"16.611877,85.93708",41000,479,132
1673202152,2023-01-08T18:22:32Z,SIA23,"16.502396,86.060669",41000,476,132
1673202191,2023-01-08T18:23:11Z,SIA23,"16.443192,86.127419",41000,478,132
1673202524,2023-01-08T18:28:44Z,SIA23,"15.939056,86.693115",41025,480,132
1673202561,2023-01-08T18:29:21Z,SIA23,"15.883667,86.754982",41000,476,132
1673202649,2023-01-08T18:30:49Z,SIA23,"15.751968,86.901955",41000,473,132
1673202709,2023-01-08T18:31:49Z,SIA23,"15.663483,87.000443",41000,471,132
1673204602,2023-01-08T19:03:22Z,SIA23,"12.839928,89.984207",41016,473,132
1673207267,2023-01-08T19:47:47Z,SIA23,"8.887707,93.94532",41025,447,135
1673207329,2023-01-08T19:48:49Z,SIA23,"8.804006,94.047279",41000,445,122
1673207392,2023-01-08T19:49:52Z,SIA23,"8.736551,94.156624",41000,441,122
1673207451,2023-01-08T19:50:51Z,SIA23,"8.671417,94.261208",41000,442,121
1673207513,2023-01-08T19:51:53Z,SIA23,"8.604263,94.36953",41000,445,121
1673207576,2023-01-08T19:52:56Z,SIA23,"8.539962,94.483986",41000,443,117
1673207638,2023-01-08T19:53:58Z,SIA23,"8.480347,94.59787",41000,445,117
1673207700,2023-01-08T19:55:00Z,SIA23,"8.421158,94.710991",41000,445,117
1673207762,2023-01-08T19:56:02Z,SIA23,"8.360962,94.825981",41000,447,117
1673207825,2023-01-08T19:57:05Z,SIA23,"8.302405,94.937836",41000,447,117
1673207886,2023-01-08T19:58:06Z,SIA23,"8.241028,95.054878",41000,447,117
1673207949,2023-01-08T19:59:09Z,SIA23,"8.180532,95.170158",41000,447,117
1673208012,2023-01-08T20:00:12Z,SIA23,"8.120525,95.284378",41000,446,117
1673208074,2023-01-08T20:01:14Z,SIA23,"8.059662,95.4002",41000,447,117
1673208137,2023-01-08T20:02:17Z,SIA23,"7.998459,95.516579",41000,449,117
1673208199,2023-01-08T20:03:19Z,SIA23,"7.949799,95.635849",41000,446,111
1673208260,2023-01-08T20:04:20Z,SIA23,"7.902522,95.753998",41000,444,111
1673208322,2023-01-08T20:05:22Z,SIA23,"7.855783,95.871246",41000,442,111
1673208384,2023-01-08T20:06:24Z,SIA23,"7.807601,95.99205",41000,443,111
1673208446,2023-01-08T20:07:26Z,SIA23,"7.760376,96.110397",41000,442,111
1673208509,2023-01-08T20:08:29Z,SIA23,"7.712082,96.231293",41000,440,111
1673208572,2023-01-08T20:09:32Z,SIA23,"7.664407,96.350426",41000,441,111
1673208633,2023-01-08T20:10:33Z,SIA23,"7.617576,96.4673",41000,439,111
1673208695,2023-01-08T20:11:35Z,SIA23,"7.571395,96.582565",41000,437,111
1673208758,2023-01-08T20:12:38Z,SIA23,"7.523075,96.703033",41000,440,111
1673208819,2023-01-08T20:13:39Z,SIA23,"7.476791,96.818367",41000,437,111
1673208882,2023-01-08T20:14:42Z,SIA23,"7.429092,96.936981",41000,437,111
1673208944,2023-01-08T20:15:44Z,SIA23,"7.381439,97.055458",41000,436,111
1673209007,2023-01-08T20:16:47Z,SIA23,"7.333923,97.173561",41000,438,111
1673209071,2023-01-08T20:17:51Z,SIA23,"7.285798,97.292931",41000,437,111
1673209132,2023-01-08T20:18:52Z,SIA23,"7.239075,97.408836",41000,437,112
1673209194,2023-01-08T20:19:54Z,SIA23,"7.192367,97.524452",41000,436,111
1673209255,2023-01-08T20:20:55Z,SIA23,"7.145325,97.640854",41000,436,111
1673209316,2023-01-08T20:21:56Z,SIA23,"7.099495,97.754219",41000,436,112
1673209378,2023-01-08T20:22:58Z,SIA23,"7.041183,97.868446",41000,440,120
1673209439,2023-01-08T20:23:59Z,SIA23,"6.980182,97.974747",41000,441,119
1673209501,2023-01-08T20:25:01Z,SIA23,"6.916306,98.085754",41000,439,119
1673209562,2023-01-08T20:26:02Z,SIA23,"6.854259,98.193481",41000,438,119
1673209624,2023-01-08T20:27:04Z,SIA23,"6.790715,98.303726",41000,439,120
1673209684,2023-01-08T20:28:04Z,SIA23,"6.728986,98.410744",41000,441,120
1673209746,2023-01-08T20:29:06Z,SIA23,"6.666048,98.519753",41000,442,120
1673209808,2023-01-08T20:30:08Z,SIA23,"6.601806,98.630989",41000,444,120
1673209871,2023-01-08T20:31:11Z,SIA23,"6.537238,98.742752",41000,444,120
1673209932,2023-01-08T20:32:12Z,SIA23,"6.473834,98.85228",41000,447,120
1673209994,2023-01-08T20:33:14Z,SIA23,"6.409607,98.963356",41000,448,119
1673210056,2023-01-08T20:34:16Z,SIA23,"6.345489,99.074089",41000,444,120
1673210117,2023-01-08T20:35:17Z,SIA23,"6.282394,99.182991",41000,446,120
1673210178,2023-01-08T20:36:18Z,SIA23,"6.218719,99.292854",41000,447,120
1673210239,2023-01-08T20:37:19Z,SIA23,"6.155416,99.402023",41000,442,120
1673210301,2023-01-08T20:38:21Z,SIA23,"6.092377,99.51062",41000,442,120
1673210364,2023-01-08T20:39:24Z,SIA23,"6.026699,99.623695",41000,445,120
1673210427,2023-01-08T20:40:27Z,SIA23,"5.960815,99.737099",41000,445,120
1673210490,2023-01-08T20:41:30Z,SIA23,"5.896353,99.84787",41000,440,120
1673210551,2023-01-08T20:42:31Z,SIA23,"5.834159,99.95475",41000,438,120
1673210613,2023-01-08T20:43:33Z,SIA23,"5.770844,100.063568",41000,438,120
1673210674,2023-01-08T20:44:34Z,SIA23,"5.708588,100.170547",41000,440,120
1673210736,2023-01-08T20:45:36Z,SIA23,"5.643621,100.282021",41000,440,120
1673210798,2023-01-08T20:46:38Z,SIA23,"5.580322,100.390556",41000,436,120
1673210862,2023-01-08T20:47:42Z,SIA23,"5.515503,100.501717",41000,438,120
1673210923,2023-01-08T20:48:43Z,SIA23,"5.442888,100.602707",41000,442,131
1673210985,2023-01-08T20:49:45Z,SIA23,"5.34874,100.687553",41000,448,143
1673211048,2023-01-08T20:50:48Z,SIA23,"5.233704,100.753006",41000,457,156
1673211109,2023-01-08T20:51:49Z,SIA23,"5.108597,100.791138",41000,467,169
1673211170,2023-01-08T20:52:50Z,SIA23,"4.979693,100.811447",41000,466,170
1673211233,2023-01-08T20:53:53Z,SIA23,"4.843277,100.833267",41000,464,170
1673211294,2023-01-08T20:54:54Z,SIA23,"4.715744,100.853325",41000,462,171
1673211355,2023-01-08T20:55:55Z,SIA23,"4.585327,100.873955",41000,459,171
1673211416,2023-01-08T20:56:56Z,SIA23,"4.458298,100.900719",41000,454,162
1673211477,2023-01-08T20:57:57Z,SIA23,"4.34111,100.951736",41000,452,153
1673211540,2023-01-08T20:59:00Z,SIA23,"4.222824,101.009003",41000,452,154
1673211602,2023-01-08T21:00:02Z,SIA23,"4.104538,101.066582",41000,452,153
1673211665,2023-01-08T21:01:05Z,SIA23,"3.987625,101.12352",41000,452,154
1673211728,2023-01-08T21:02:08Z,SIA23,"3.868026,101.181717",41000,450,154
1673211789,2023-01-08T21:03:09Z,SIA23,"3.754303,101.236969",41000,448,153
1673211850,2023-01-08T21:04:10Z,SIA23,"3.642654,101.294319",41000,446,152
1673211911,2023-01-08T21:05:11Z,SIA23,"3.529358,101.352463",41000,448,152
1673211972,2023-01-08T21:06:12Z,SIA23,"3.415584,101.410583",41000,450,152
1673212033,2023-01-08T21:07:13Z,SIA23,"3.302536,101.468239",41000,450,153
1673212094,2023-01-08T21:08:14Z,SIA23,"3.187385,101.521439",41000,448,155
1673212155,2023-01-08T21:09:15Z,SIA23,"3.073099,101.574806",41000,445,154
1673212218,2023-01-08T21:10:18Z,SIA23,"2.955734,101.629776",41000,447,154
1673212279,2023-01-08T21:11:19Z,SIA23,"2.840664,101.683632",41000,449,154
1673212340,2023-01-08T21:12:20Z,SIA23,"2.724609,101.737961",41000,450,154
1673212403,2023-01-08T21:13:23Z,SIA23,"2.607856,101.797661",41000,447,147
1673212464,2023-01-08T21:14:24Z,SIA23,"2.508545,101.876923",41000,446,135
1673212528,2023-01-08T21:15:28Z,SIA23,"2.424911,101.978958",41000,446,126
1673212591,2023-01-08T21:16:31Z,SIA23,"2.347071,102.081696",41000,444,126
1673212651,2023-01-08T21:17:31Z,SIA23,"2.272842,102.180206",40825,435,126
1673212715,2023-01-08T21:18:35Z,SIA23,"2.196474,102.281578",39500,436,126
1673212776,2023-01-08T21:19:36Z,SIA23,"2.121292,102.38131",37175,434,126
1673212837,2023-01-08T21:20:37Z,SIA23,"2.048859,102.477348",35575,416,126
1673212898,2023-01-08T21:21:38Z,SIA23,"1.97861,102.570633",32925,423,126
1673212959,2023-01-08T21:22:39Z,SIA23,"1.904871,102.668419",29750,436,126
1673213021,2023-01-08T21:23:41Z,SIA23,"1.831272,102.766068",27450,426,126
1673213083,2023-01-08T21:24:43Z,SIA23,"1.756622,102.865227",25100,417,126
1673213144,2023-01-08T21:25:44Z,SIA23,"1.69776,102.964912",22925,408,117
1673213206,2023-01-08T21:26:46Z,SIA23,"1.644923,103.063599",21650,380,118
1673213243,2023-01-08T21:27:23Z,SIA23,"1.612895,103.119377",21250,355,129
1673213246,2023-01-08T21:27:26Z,SIA23,"1.61087,103.12159",21225,354,133
1673213250,2023-01-08T21:27:30Z,SIA23,"1.605028,103.127052",21150,351,139
1673213252,2023-01-08T21:27:32Z,SIA23,"1.601257,103.130035",21100,352,143
1673213256,2023-01-08T21:27:36Z,SIA23,"1.597092,103.132988",21025,350,144
1673213258,2023-01-08T21:27:38Z,SIA23,"1.594414,103.134819",20975,350,145
1673213262,2023-01-08T21:27:42Z,SIA23,"1.590088,103.137695",20900,350,146
1673213265,2023-01-08T21:27:45Z,SIA23,"1.585281,103.140762",20825,350,147
1673213268,2023-01-08T21:27:48Z,SIA23,"1.580383,103.143929",20750,348,147
1673213270,2023-01-08T21:27:50Z,SIA23,"1.5784,103.145142",20700,348,147
1673213274,2023-01-08T21:27:54Z,SIA23,"1.57251,103.148911",20600,348,147
1673213289,2023-01-08T21:28:09Z,SIA23,"1.552597,103.164185",20200,344,135
1673213292,2023-01-08T21:28:12Z,SIA23,"1.549301,103.16758",20100,344,132
1673213295,2023-01-08T21:28:15Z,SIA23,"1.54628,103.171028",19975,344,130
1673213298,2023-01-08T21:28:18Z,SIA23,"1.543121,103.174843",19850,344,129
1673213301,2023-01-08T21:28:21Z,SIA23,"1.540041,103.178619",19700,345,128
1673213304,2023-01-08T21:28:24Z,SIA23,"1.537125,103.182335",19575,346,128
1673213308,2023-01-08T21:28:28Z,SIA23,"1.534176,103.186058",19450,346,128
1673213311,2023-01-08T21:28:31Z,SIA23,"1.530807,103.190254",19325,346,128
1673213313,2023-01-08T21:28:33Z,SIA23,"1.528124,103.19368",19225,345,128
1673213374,2023-01-08T21:29:34Z,SIA23,"1.466217,103.267014",16875,339,130
1673213408,2023-01-08T21:30:08Z,SIA23,"1.432412,103.306671",15625,330,130
1673213442,2023-01-08T21:30:42Z,SIA23,"1.39936,103.345734",14325,320,130
1673213475,2023-01-08T21:31:15Z,SIA23,"1.367111,103.383911",12925,318,130
1673213506,2023-01-08T21:31:46Z,SIA23,"1.338364,103.41761",12200,311,130
1673213539,2023-01-08T21:32:19Z,SIA23,"1.307699,103.453987",11300,306,129
1673213551,2023-01-08T21:32:31Z,SIA23,"1.296982,103.466629",10975,305,130
1673213563,2023-01-08T21:32:43Z,SIA23,"1.285263,103.480362",10675,306,130
1673213576,2023-01-08T21:32:56Z,SIA23,"1.274185,103.493401",10400,308,130
1673213588,2023-01-08T21:33:08Z,SIA23,"1.262558,103.507042",10100,307,130
1673213600,2023-01-08T21:33:20Z,SIA23,"1.251205,103.520309",9825,307,130
1673213612,2023-01-08T21:33:32Z,SIA23,"1.240128,103.533432",9550,307,129
1673213624,2023-01-08T21:33:44Z,SIA23,"1.229095,103.546516",9250,306,129
1673213637,2023-01-08T21:33:57Z,SIA23,"1.218155,103.559456",8975,306,129
1673213649,2023-01-08T21:34:09Z,SIA23,"1.206757,103.572861",8700,305,130
1673213661,2023-01-08T21:34:21Z,SIA23,"1.195415,103.58625",8400,305,129
1673213673,2023-01-08T21:34:33Z,SIA23,"1.184189,103.599632",8125,304,129
1673213685,2023-01-08T21:34:45Z,SIA23,"1.17334,103.612572",7850,302,128
1673213694,2023-01-08T21:34:54Z,SIA23,"1.166061,103.623138",7700,300,119
1673213697,2023-01-08T21:34:57Z,SIA23,"1.164276,103.626724",7625,299,114
1673213700,2023-01-08T21:35:00Z,SIA23,"1.162828,103.630295",7575,298,110
1673213704,2023-01-08T21:35:04Z,SIA23,"1.161438,103.634361",7500,297,106
1673213707,2023-01-08T21:35:07Z,SIA23,"1.160202,103.638824",7400,297,105
1673213710,2023-01-08T21:35:10Z,SIA23,"1.159151,103.642838",7325,297,104
1673213713,2023-01-08T21:35:13Z,SIA23,"1.158127,103.646912",7225,296,103
1673213716,2023-01-08T21:35:16Z,SIA23,"1.157102,103.651031",7150,295,103
1673213719,2023-01-08T21:35:19Z,SIA23,"1.156125,103.654961",7075,295,103
1673213722,2023-01-08T21:35:22Z,SIA23,"1.155121,103.658752",7025,294,104
1673213724,2023-01-08T21:35:24Z,SIA23,"1.15417,103.662544",6975,293,104
1673213727,2023-01-08T21:35:27Z,SIA23,"1.153145,103.666428",6925,292,104
1673213740,2023-01-08T21:35:40Z,SIA23,"1.150073,103.682953",6525,289,96
1673213746,2023-01-08T21:35:46Z,SIA23,"1.149536,103.690964",6275,289,92
1673213749,2023-01-08T21:35:49Z,SIA23,"1.149468,103.695358",6150,289,90
1673213752,2023-01-08T21:35:52Z,SIA23,"1.149445,103.699203",6025,289,90
1673213756,2023-01-08T21:35:56Z,SIA23,"1.149445,103.703346",5875,288,89
1673213758,2023-01-08T21:35:58Z,SIA23,"1.149468,103.707626",5750,287,89
1673213761,2023-01-08T21:36:01Z,SIA23,"1.149536,103.71154",5650,286,89
1673213780,2023-01-08T21:36:20Z,SIA23,"1.149654,103.735275",5275,268,89
1673213792,2023-01-08T21:36:32Z,SIA23,"1.149747,103.750099",5075,257,89
1673213805,2023-01-08T21:36:45Z,SIA23,"1.149794,103.763168",4900,252,89
1673213813,2023-01-08T21:36:53Z,SIA23,"1.149887,103.774017",4800,244,89
1673213821,2023-01-08T21:37:01Z,SIA23,"1.149994,103.782677",4725,237,89
1673213829,2023-01-08T21:37:09Z,SIA23,"1.149994,103.785797",4675,233,89
1673213838,2023-01-08T21:37:18Z,SIA23,"1.150166,103.799774",4650,222,89
1673213846,2023-01-08T21:37:26Z,SIA23,"1.150223,103.808464",4600,217,89
1673213854,2023-01-08T21:37:34Z,SIA23,"1.150223,103.815773",4550,212,90
1673213862,2023-01-08T21:37:42Z,SIA23,"1.150166,103.824593",4475,207,90
1673213870,2023-01-08T21:37:50Z,SIA23,"1.15004,103.832024",4350,206,91
1673213879,2023-01-08T21:37:59Z,SIA23,"1.149902,103.837837",4175,207,91
1673213887,2023-01-08T21:38:07Z,SIA23,"1.149719,103.847519",4025,210,91
1673213896,2023-01-08T21:38:16Z,SIA23,"1.150073,103.857216",3850,209,81
1673213901,2023-01-08T21:38:21Z,SIA23,"1.151367,103.862282",3750,207,71
1673213907,2023-01-08T21:38:27Z,SIA23,"1.15361,103.867119",3675,204,61
1673213912,2023-01-08T21:38:32Z,SIA23,"1.156171,103.87114",3625,202,55
1673213916,2023-01-08T21:38:36Z,SIA23,"1.158266,103.874123",3600,202,54
1673213920,2023-01-08T21:38:40Z,SIA23,"1.160082,103.876587",3575,202,53
1673213924,2023-01-08T21:38:44Z,SIA23,"1.162582,103.879967",3525,201,53
1673213928,2023-01-08T21:38:48Z,SIA23,"1.164825,103.88295",3500,201,53
1673213933,2023-01-08T21:38:53Z,SIA23,"1.167809,103.886955",3450,201,53
1673213937,2023-01-08T21:38:57Z,SIA23,"1.169625,103.889374",3425,200,53
1673213943,2023-01-08T21:39:03Z,SIA23,"1.172651,103.893494",3375,200,53
1673213949,2023-01-08T21:39:09Z,SIA23,"1.176361,103.898354",3325,199,51
1673213952,2023-01-08T21:39:12Z,SIA23,"1.178101,103.900406",3300,198,48
1673213955,2023-01-08T21:39:15Z,SIA23,"1.180146,103.902534",3275,197,46
1673213958,2023-01-08T21:39:18Z,SIA23,"1.181589,103.903908",3250,197,41
1673213961,2023-01-08T21:39:21Z,SIA23,"1.184509,103.906319",3200,197,37
1673213964,2023-01-08T21:39:24Z,SIA23,"1.186844,103.90799",3175,196,34
1673213967,2023-01-08T21:39:27Z,SIA23,"1.188904,103.909294",3150,196,31
1673213970,2023-01-08T21:39:30Z,SIA23,"1.191559,103.910835",3125,195,28
1673213973,2023-01-08T21:39:33Z,SIA23,"1.192886,103.91153",3125,194,27
1673213976,2023-01-08T21:39:36Z,SIA23,"1.196411,103.913254",3075,195,25
1673213979,2023-01-08T21:39:39Z,SIA23,"1.198813,103.914375",3050,194,24
1673213982,2023-01-08T21:39:42Z,SIA23,"1.201492,103.915535",3025,193,23
1673213985,2023-01-08T21:39:45Z,SIA23,"1.20401,103.916603",3000,194,23
1673213988,2023-01-08T21:39:48Z,SIA23,"1.206482,103.917633",2950,194,22
1673213992,2023-01-08T21:39:52Z,SIA23,"1.209148,103.918732",2925,194,22
1673213995,2023-01-08T21:39:55Z,SIA23,"1.211848,103.919823",2875,195,21
1673213998,2023-01-08T21:39:58Z,SIA23,"1.21431,103.920792",2825,193,21
1673214001,2023-01-08T21:40:01Z,SIA23,"1.216599,103.921722",2775,194,22
1673214007,2023-01-08T21:40:07Z,SIA23,"1.221909,103.923866",2675,193,22
1673214013,2023-01-08T21:40:13Z,SIA23,"1.227219,103.926056",2550,194,22
1673214019,2023-01-08T21:40:19Z,SIA23,"1.232191,103.928154",2450,192,23
1673214025,2023-01-08T21:40:25Z,SIA23,"1.237061,103.930244",2350,188,23
1673214031,2023-01-08T21:40:31Z,SIA23,"1.24205,103.932388",2275,185,23
1673214037,2023-01-08T21:40:37Z,SIA23,"1.246948,103.934456",2175,181,23
1673214044,2023-01-08T21:40:44Z,SIA23,"1.251526,103.936394",2075,179,22
1673214050,2023-01-08T21:40:50Z,SIA23,"1.256104,103.938301",1975,176,22
1673214056,2023-01-08T21:40:56Z,SIA23,"1.26091,103.9403",1875,174,22
1673214062,2023-01-08T21:41:02Z,SIA23,"1.265243,103.942078",1775,169,22
1673214068,2023-01-08T21:41:08Z,SIA23,"1.269516,103.943932",1700,165,23
1673214074,2023-01-08T21:41:14Z,SIA23,"1.273902,103.94577",1600,162,23
1673214080,2023-01-08T21:41:20Z,SIA23,"1.278324,103.947662",1525,158,23
1673214087,2023-01-08T21:41:27Z,SIA23,"1.282281,103.949371",1450,155,23
1673214093,2023-01-08T21:41:33Z,SIA23,"1.286316,103.951057",1375,151,23
1673214099,2023-01-08T21:41:39Z,SIA23,"1.290102,103.952682",1300,146,23
1673214105,2023-01-08T21:41:45Z,SIA23,"1.294199,103.954437",1200,144,23
1673214111,2023-01-08T21:41:51Z,SIA23,"1.297783,103.955948",1125,141,22
1673214117,2023-01-08T21:41:57Z,SIA23,"1.301697,103.957619",1050,138,22
1673214124,2023-01-08T21:42:04Z,SIA23,"1.305325,103.959122",975,136,22
1673214130,2023-01-08T21:42:10Z,SIA23,"1.308884,103.960594",925,135,22
1673214136,2023-01-08T21:42:16Z,SIA23,"1.312317,103.962044",850,136,22
1673214142,2023-01-08T21:42:22Z,SIA23,"1.316071,103.963623",800,136,23
1673214148,2023-01-08T21:42:28Z,SIA23,"1.31957,103.965088",725,136,22
1673214154,2023-01-08T21:42:34Z,SIA23,"1.323108,103.966606",650,136,23
1673214160,2023-01-08T21:42:40Z,SIA23,"1.326832,103.96817",575,134,23
1673214167,2023-01-08T21:42:47Z,SIA23,"1.33023,103.969589",500,134,22
1673214173,2023-01-08T21:42:53Z,SIA23,"1.33374,103.971069",425,133,22
1673214179,2023-01-08T21:42:59Z,SIA23,"1.337265,103.972565",350,134,22
1673214185,2023-01-08T21:43:05Z,SIA23,"1.340844,103.974091",300,133,23
1673214191,2023-01-08T21:43:11Z,SIA23,"1.344177,103.975494",225,134,22
1673214197,2023-01-08T21:43:17Z,SIA23,"1.347931,103.977028",150,133,22
1673214204,2023-01-08T21:43:24Z,SIA23,"1.351318,103.97847",50,131,23
1673214210,2023-01-08T21:43:30Z,SIA23,"1.354889,103.979965",50,120,22
1673214219,2023-01-08T21:43:39Z,SIA23,"1.358494,103.981499",0,98,22
1673214227,2023-01-08T21:43:47Z,SIA23,"1.362049,103.983002",0,80,22
1673214255,2023-01-08T21:44:15Z,SIA23,"1.366871,103.985504",0,22,45
1673214279,2023-01-08T21:44:39Z,SIA23,"1.367386,103.986786",0,9,101
1673214288,2023-01-08T21:44:48Z,SIA23,"1.367065,103.986969",0,9,140
1673214296,2023-01-08T21:44:56Z,SIA23,"1.366745,103.986946",0,9,174
1673214302,2023-01-08T21:45:02Z,SIA23,"1.366494,103.986862",0,9,191
1673214322,2023-01-08T21:45:22Z,SIA23,"1.365658,103.986481",0,12,202
1673214377,2023-01-08T21:46:17Z,SIA23,"1.363829,103.987328",0,9,115
1673214396,2023-01-08T21:46:36Z,SIA23,"1.363084,103.987373",0,10,191
1673214424,2023-01-08T21:47:04Z,SIA23,"1.361781,103.986801",0,9,202
1673214505,2023-01-08T21:48:25Z,SIA23,"1.361023,103.98774",0,1,112
1673214527,2023-01-08T21:48:47Z,SIA23,"1.36377,103.987396",0,1,112
